Date,SAP,DTE,AIR,MRK,HEI,MTX
1995-09,0.0,0.06614263508206894,0.05719042053653134,0.07248506406454244,-0.007091728180187595,0.027515494997354766
1995-10,0.0,0.054450638768969176,0.021232445819817026,0.034803259726509904,0.15578871987290682,0.019512318561529643
1995-11,0.0,-0.026086886037221604,0.02822006473443314,0.07673768594679832,0.03447856245998084,-0.053780451236453815
1995-12,0.0,0.06493412557012658,0.1579524614922593,0.08332924256550986,0.02059895646177082,0.00459245775739809
1996-01,0.0,0.08530044459327696,-0.05199560545017806,0.06892480328899607,0.0066654522222505405,-0.13412683083551757
1996-02,0.01904761904761905,0.02495004722671013,-0.005871187264961568,0.021248280660190196,0.05454049929610885,0.17295935340506635
1996-03,0.0,-0.029004185931861305,0.019570971241342654,-0.1253785511786138,0.23563215252817757,-0.010873075533855959
1996-04,0.0,-0.05631687589561226,-0.036365007997822815,-0.05965313053322644,-0.05025778494201017,0.13086720940863075
1996-05,0.011111111111111113,-0.07602015956360607,-0.004298570502025825,0.0122063176199819,0.1874352278049174,-0.04230656246408075
1996-06,0.0,0.06948051422741211,-0.11753306479605297,-0.022718851840201365,0.2866392866099977,-0.03954695437110081
1996-07,0.0,-0.06849736472146564,0.0015236315329687587,-0.009273141871792888,-0.31542909121741414,0.13315529636340082
1996-08,0.0,-0.0004065616410721388,0.08824050683900127,0.060205095288894214,-0.0035959595491126175,-0.017490407297779162
1996-09,0.0,0.00415405606790499,0.03234231550157828,0.06435254971147057,-0.03152584246229015,0.03479099279365765
1996-10,0.0,0.020718890645779708,0.18501453965769302,0.0458473058554727,0.02213512142653879,0.05710859212541906
1996-11,0.0,0.06618603670840663,0.09576975862375284,0.1068957040498893,0.18934118902191704,0.03841153213712982
1996-12,0.0,0.027620123341458847,0.04227712116728111,-0.04611393305773492,0.3238029574162824,0.02228219251534065
1997-01,-0.06387354253412603,-0.015381537146401876,-0.13685772232201585,0.0802762625168334,-0.02501348186185404,-0.04578008733595716
1997-02,0.0,-0.035462655434422334,-0.0004222198315911644,0.04942876931930194,0.10049436263179577,-0.018481503974392268
1997-03,0.0,-0.07034230849057693,0.14310314317300984,-0.0753685216229224,-0.07150751161136734,-0.1465976933438661
1997-04,0.0,-0.02729312861814085,0.016721507455392047,0.09960779686665959,-0.02774356012450117,-0.016562043510054643
1997-05,0.0,0.0134241191415773,0.02522493766212278,-0.030713099720056716,-0.02454032924475249,0.10592527905020553
1997-06,0.0,0.05664849234807411,0.027920010668860618,0.09541608710773723,-0.008655794905713747,-0.03507882766933349
1997-07,0.0,0.044540723451444116,0.12379256147268153,-0.0001366531431074704,0.096173923701809,0.037027557951944276
1997-08,0.0,0.05012731594733247,-0.023140657359581734,-0.10371802096233597,0.1793672023559256,-0.03339440196795134
1997-09,0.0,0.06485762124637016,-7.614425023812432e-05,0.0459142203654402,0.158061434953508,0.13623702877065136
1997-10,0.0,0.021870031498997522,0.08137398067539502,-0.09910325179479924,0.07606100568863153,-0.054467647648679306
1997-11,0.0,0.06288233056185706,0.0645546832821901,0.022907640913880544,-0.0851218109598275,0.029543864329476553
1997-12,0.0,0.04677799955144469,0.02429870639550943,0.07785726371570788,0.2689295320492122,0.03420563408735825
1998-01,0.0,0.0477962099138593,0.09612399751058465,0.15014931136315104,0.06442046699143858,-0.04175450964923472
1998-02,0.0,0.02966760488795238,-0.03339594098637959,0.049533848518777776,0.2613684669631005,0.11313288179300963
1998-03,0.0,0.12812007796247765,-0.082826345735195,-0.012283046187878482,0.4098667636508557,0.05359305389695184
1998-04,0.0,-0.0005094313378606326,-0.08809392003767534,-0.07850622670973276,-0.0009392732314269067,0.07417280818194633
1998-05,0.0,0.012759346775559196,-0.06254224130031444,-0.10240887892962082,-0.13810533827960872,-0.04704564446116349
1998-06,0.0,0.03158828970127976,0.08161326040057046,0.05601741002433343,-0.005039217784402651,-0.03893358559637219
1998-07,0.0,0.02787623055968776,-0.1492671725464335,-0.009701645716861843,-0.07862080558299316,-0.027841035848794656
1998-08,-0.2075858820734834,0.06305968631903186,-0.11389715704615873,-0.01408366911191175,-0.12992463283099862,-0.24993051246477205
1998-09,0.01427850616605036,0.09195128730629575,-0.0762602965686983,0.13280904466598525,-0.13557867247635483,0.1760597260295036
1998-10,-0.08559365239467724,-0.06456989461205632,0.14936797575865007,0.01598035610374638,0.5627936209760225,0.03900332807424091
1998-11,0.003882359327670083,0.028903274976582898,0.10992467786152123,0.16935406145223209,0.09684744277702537,-0.05197450590264521
1998-12,-0.2644599597414797,0.008690151334487087,-0.03800499682858025,0.006558942904128086,0.2578006351524053,-0.05686320116202561
1999-01,-0.01287291864352301,0.022688684314053072,-0.1665327098428369,0.019857310425501772,-0.033124485218640025,-0.06184911976685843
1999-02,0.015210563992792569,0.01500135387860497,-0.24661069673444622,0.07519135351770644,0.24990108023640106,0.08714469753317552
1999-03,0.10600071195392324,0.01929819674623699,0.011575449740044267,-0.02488708692709438,-0.03254490420934395,0.12157525237117103
1999-04,0.05701902516229413,0.07618159655471576,0.024542022608651362,-0.09362373423490895,-0.05871608618477688,0.11082094972949802
1999-05,0.20263033080750414,0.1238722598034886,0.03027323487300762,-0.0464883950456377,0.15515846369643838,-0.041057382669651164
1999-06,0.1357776964274868,-0.015870250083746634,0.08751889316557075,0.018244336767670725,0.009442234995094579,0.04294333307768745
1999-07,0.06761979231065689,-0.03492861736806076,-0.015796914008616565,-0.03895460134498589,-0.025493696856334666,-0.017734947235065326
1999-08,0.08647356070857969,-0.013871151328727691,0.0035939362841054486,-0.06637898533644872,-0.0011526115537368652,-0.0847377983074124
1999-09,0.1509841794995965,-0.017251029826459898,-0.15330597959337544,-0.03742426968342243,-0.10109551670622076,-0.0327890663398884
1999-10,0.10845926651317045,-0.10736842051677964,-0.10569551060432877,0.15912014160046914,-0.062466852453076746,-0.1185774882961658
1999-11,0.013055815465347573,-0.002466087290440461,-0.021556799427677843,0.005456328857169125,0.05447275533169652,-0.12828087329774077
1999-12,0.668225112511428,-0.05582723837761652,0.13441737690140643,-0.15724632199429073,0.28505695416000015,-0.005959216843073998
2000-01,0.1387589790314273,0.013273401303609678,-0.010011146246071346,0.058455717147169656,-0.08339104836070288,0.10437973555195906
2000-02,0.05563494837369133,-0.16556433062831233,0.3868843221618058,-0.18299042736874344,-0.2168824856113221,-0.11964866950864625
2000-03,-0.2776537675395421,-0.048681954216386554,-0.27658754124193785,0.10550919909362841,0.0231653838706462,0.13084120043085098
2000-04,-0.24294460020092637,0.20159762110467055,-0.15748357269114258,0.16824422284962032,0.055323767003337194,0.017548611797083044
2000-05,-0.09703518466031254,0.08437681893845034,-0.07250840500086021,0.10320863992389794,-0.16652145753878603,0.0007335858950951458
2000-06,-0.034916452420439656,-0.06616036367480375,0.09274525748800964,-0.01698066362783266,0.08993388792377205,-0.016382988573605716
2000-07,-0.021169812269107923,-0.002214619982140376,0.014740214655612304,-0.09307898137796389,0.6633648027895154,0.030197802354463822
2000-08,0.24283928819249043,0.09042599122257125,-0.09816950899547786,0.03577205883182389,-0.1601482713190783,0.10472845799607225
2000-09,-0.05502946874797734,0.19903582918296336,-0.06301529335473378,0.09043972973017389,-0.21431502615687936,-0.08374854320351278
2000-10,-0.020823919314756353,-0.06717941571040241,0.08246355839455242,0.21795801752299188,-0.10824299848974642,-0.10605569188676774
2000-11,-0.10307728859348327,0.050204774831997756,-0.06083256572866743,0.08931443378814129,0.3931014736902108,0.08640856130649145
2000-12,-0.0696620071330382,0.002391384495419565,0.3390036267826758,0.043789681389904016,0.0006272944863118686,0.0450673920394502
2001-01,0.45332731889000666,-0.1302777237412238,0.1625472574556088,-0.1403986878929108,0.26544504442108274,0.015833514365921716
2001-02,-0.12566915959896938,-0.06571045707397845,-0.12601055090079058,0.0365147600288963,-0.09304853108414962,0.0452211839130186
2001-03,-0.1648489988255938,0.13543488555478894,-0.004800579100982464,0.0001938094973742259,-0.040129794127072474,-0.08066293063999173
2001-04,0.410183153265905,0.024806206392378894,-0.04105194383958648,0.06848484905283996,0.17926424664244434,0.06136628075961669
2001-05,0.11090021283780324,0.046711757232064575,0.2551939610153532,-0.001319340227664489,-0.0020533586445051276,-0.004688662703331449
2001-06,0.11600914849325458,0.07092161711857979,0.3559536370177427,-0.023289890018042395,0.06818195822434421,0.06664508656747738
2001-07,0.07170828276678637,-0.08431373303747525,0.0676169564622407,0.027128704896877485,0.09740212620381573,-0.005771926330175623
2001-08,-0.05650644939163991,0.02889838311463609,0.09932772098915471,0.034715001348248,-0.012722362465615852,0.025250560311418167
2001-09,-0.007998456352817903,0.06819856775911032,-0.2511104088787762,0.04148746534392085,-0.25427707352104656,-0.105685234665758
2001-10,0.3001464683074291,0.04273704421011587,-0.07736441826068735,0.011704229058074335,-0.14843120642675928,0.10014176574634945
2001-11,0.08810326734933868,0.00023291678474135014,0.21707432436870702,0.06191231289150935,-0.07411677494430047,0.07403195393695876
2001-12,0.0779132174421575,0.038123431196481025,0.20510606796127934,-0.14136087127448105,0.04577559489234218,0.013955014302019828
2002-01,0.043710582701333066,0.006482566607701694,-0.05144514595019049,-0.03129731319629464,-0.002458112883225034,-0.0007463083358752212
2002-02,-0.10294674004953473,0.033932152240829176,-0.08121207997851258,0.09287257263769737,0.0934272765595016,0.0942804563734349
2002-03,0.12325393891013846,0.1385475960647056,0.5529246044185829,0.007770748637798258,0.03247676551440261,0.06211070946037541
2002-04,-0.008977632897681307,0.02636459347509438,0.19540244979724658,-0.09630655174263109,0.10400437281967305,-0.02796400236451221
2002-05,-0.21665001903741726,0.04242579171725464,-0.08930661001620474,0.07514720010805964,-0.15018605710429672,0.06814597205484924
2002-06,0.05955065355782323,0.0409840599286522,-0.06538214630158419,0.07653893452401052,-0.04618516354418639,-0.042618227554329036
2002-07,0.06193715395330143,-0.030412131805591675,-0.15563849140143443,0.1080826483016504,-0.02001421597583245,0.013355630495186604
2002-08,-0.035648294120642306,0.04903697695655455,-0.21150050096889186,0.11165049367626186,-0.16907269938269628,0.05656252280095133
2002-09,-0.017535748560798353,0.0005816600717639483,-0.27105521266326926,0.0034319253179915413,0.006239905736350398,-0.07523445220646965
2002-10,0.3731487918792872,0.052976310470642725,-0.22490825699951006,0.17624529150424795,-0.13050769522644515,0.13182506177021375
2002-11,0.21877887440302748,-0.05669935209238398,0.40700718786148204,0.06884237244136755,0.2675596355455135,0.003208309016124164
2002-12,0.07754121614389899,0.05582311448803344,0.011907066658225081,-0.010899036171106645,-0.0806845359487793,-0.0031423196650668286
2003-01,0.24630039436534845,-0.09686766119798468,-0.1391943686865078,-0.032023703493435064,0.09242901237753227,-0.09278580175907215
2003-02,-0.034137306317702266,-0.050368128428388934,-0.1256758415005679,-0.033289960274914876,-0.07832655373537918,-0.045432544173831475
2003-03,0.01095045219081651,-0.018099867549746528,-0.1185420254005852,0.10905739578790645,-0.05887974156100346,0.058260739494103264
2003-04,0.1863155580161667,-0.015616085015389636,-0.05514159291516899,0.02612715593304196,-0.18790833582018923,0.06461001078177128
2003-05,0.17212279833956948,0.08013466087043568,0.03389730072375205,-0.003886118931993248,0.2555343006509537,0.14753382727526024
2003-06,-0.08278296826379175,-0.07590402130928578,0.6313437540749898,0.12433162950055472,0.30149749180294566,-0.04273451270118526
2003-07,0.016312067655665802,-0.1029628571748063,0.2073945830196511,-0.081851900144362,-0.010761791217620857,0.017971971743315347
2003-08,-0.055032802349646116,-0.0030786179092671616,-0.05016141418449568,-0.026303114141176566,-0.043634175345966426,-0.006220238508680294
2003-09,-0.006163864622356203,0.07857062062660182,0.010790628931150403,-0.005373209752189141,0.1375908972491427,0.016188388899541186
2003-10,0.1863640271614108,-0.02499251526987734,0.27997200861715255,-0.09932697002763723,0.11937126237868989,0.06286435753194271
2003-11,0.051094808939160866,0.03966446636123052,-0.001746167665761154,0.005998846026413542,0.1702306322631614,-0.03150050156221716
2003-12,0.027010359534536618,0.04091193005963956,0.2540840605516834,0.016169924637013753,-0.02072686487684376,0.13780320767667578
2004-01,-0.053565571828307304,-0.0043165262240931765,-0.3670205487521277,-0.058427713583889554,-0.10454625660332795,-0.11890513874060146
2004-02,-0.024235309512069477,0.04681435262576578,-0.03247691931222397,-0.0023575935383622136,0.13362960386237974,0.02180775524137366
2004-03,-0.0043536526356268545,0.008156680930395113,-0.20052565960656027,-0.10077433958080284,-0.07392128121895453,0.03977063608113887
2004-04,-0.018817696411788216,-0.0764500044575842,-0.0911290376716643,0.019898598006040824,0.006599444200089185,0.029210147067149327
2004-05,0.048034537731017984,0.01015257659183576,-0.09476371546337406,0.04694585722143686,-0.07965778082002466,-0.025281005638556564
2004-06,0.025325945970888615,-0.0029968803578381367,0.11097890807307048,0.01977124900630622,0.25213882405440374,-0.004577537317714181
2004-07,-0.05586842684833047,-0.018861111683559858,-0.07121072248876616,-0.05887649135217066,-0.03219352961728017,-0.023702865275538425
2004-08,0.023440757151927904,0.008088172981810133,0.0815295314512806,0.024572383117004517,-0.03997185995124725,0.006554392533942669
2004-09,0.029075684707422694,-0.02684556166072431,0.11185279392523084,0.025065043646825956,0.06765025362892256,0.04648270848854307
2004-10,0.06655320474150087,-0.03424204612569961,-0.041233044296092945,-0.05937590304038031,0.033847684204709856,0.026351379431528266
2004-11,0.0010972641348851102,-0.0139987408612939,0.20643190185803514,-0.041804459277118414,0.1603099491670809,0.09291089160810012
2004-12,-0.06706827094647994,-0.055253079438460265,-0.012333000958251752,0.15541507881333158,0.03270834226820349,0.006170986428020812
2005-01,-0.2016359302168194,-0.05542094792866928,-0.18742161529534565,-0.14979462598565169,-0.025881727376402583,-0.06802684463610616
2005-02,-0.00192881328521741,-0.019531504620949002,-0.05802826897550425,0.1212446352995779,0.0509291726777552,0.0067751491560853585
2005-03,-0.05078803926114014,0.01661298552047842,0.1317938323597484,-0.02446763030089283,-0.1033108140736443,0.028479574654860056
2005-04,-0.06932863677438712,0.014511578176880828,0.07720001060995957,0.000426040057149406,-0.0794278264271181,-0.05780932111329261
2005-05,0.0947393038540058,0.038602174727342266,0.043516833673704666,-0.05306805160113408,0.11405215229347174,-0.013040150648227103
2005-06,0.04083630045512412,0.022240944846344132,-0.005576397162825689,-0.06481356498319389,0.10123075131615916,-0.031028869407622197
2005-07,0.04664670379889256,0.006031453695154824,-0.005330046704748305,0.03550389852642113,0.062033142942265904,0.003039927851419392
2005-08,0.019323888006945848,-0.04202845326242269,-0.050479452508194,-0.06669761434454724,-0.02004256518770977,-0.028690372055920347
2005-09,0.017913600043959192,0.004943943143439625,-0.08139122283404665,-0.03440867839408044,-0.039105743512232935,-0.10521846809718664
2005-10,-0.017602301708261176,-0.05928576693462667,-0.08695826800703246,-0.11078800898687723,-0.056507276178425166,-0.09488956098768575
2005-11,0.003562166311031697,0.0050430807460920025,0.2448596871151464,0.03162687763043555,0.029238732505777628,0.04069314916871356
2005-12,0.000653275626191987,-0.0055211872039920284,0.04762605318055752,0.08451674507908141,0.061478788154178295,-0.036582703533371036
2006-01,0.04466863076030535,-0.003899817224749752,-0.008932019557517601,0.07361916433590307,-0.018650715719223464,0.001325251259828111
2006-02,0.025306224158431465,0.040148621427668806,0.03177779678779238,0.018065372945400105,0.2213728603805684,-0.027038499780637847
2006-03,0.07574046150967588,-0.047817270408246806,0.05461295273341306,0.03992163309147718,0.14057630229785623,0.05338009746323302
2006-04,0.007640565112622634,-0.007123152404053256,-0.134956852703619,0.044847261096563514,0.03952727553749244,0.013658502814339649
2006-05,-0.08257689247082785,-0.03625361861298453,-0.08345754963445837,-0.04844359984902525,-0.05863343434248503,0.005419209793477287
2006-06,-0.052274298040920555,0.0011295899516182008,-0.1415665204725589,0.04973770157892469,-0.10007123551900456,-0.0572383087027302
2006-07,-0.14513976738551304,0.03164934043689113,0.0029531812990301284,0.06396434308568827,0.0921488251878779,-0.05691259895153681
2006-08,-0.0014450365390073475,-0.05552857500323736,-0.07250650911408173,-0.007923660312123871,-0.008304406793760308,-0.006662470928905648
2006-09,0.029217332477642,-0.017558341982814477,-0.024142367039644053,0.08189538151858655,-0.0020080548544722902,0.0005132713886911316
2006-10,0.07423168239702461,0.09037721775515369,0.07725832751519092,0.04372103309897417,0.035758266708497494,0.0077085137360317175
2006-11,0.03785880457740548,0.03002036153187387,0.03614952477947021,0.010964559569255385,0.001110585789938384,0.01705654221077489
2006-12,-0.01107314802369568,0.012702348543449142,0.09372744104247174,-0.014087105152005853,0.015308054009001818,0.030202002104608796
2007-01,-0.1432638571180367,-0.03925813200554368,0.0771187824036223,0.03400666147188203,-0.04669617649150379,0.007234184677515969
2007-02,0.008109339386325213,-0.02472697875426634,0.020919476347400913,-0.08331836147622296,-0.01217515901549141,0.08080780641144854
2007-03,0.0640409697868351,0.04454264710630401,-0.05547178423693117,0.021971406961545602,-0.054627694854501876,0.017281234693192524
2007-04,0.00908058826376761,0.036118841157745725,0.0703667861787785,0.09358476514627717,-0.036968726557043266,-0.013671577981829792
2007-05,0.019188815023647967,0.049676188692083664,0.08281312092521623,0.015537189315903716,0.15271368631423016,0.0032326366419842263
2007-06,-0.027829177652576264,-0.08167741862152882,0.055328682415542174,-0.04806045504179438,-0.052431887996882934,-0.004116860047585104
2007-07,-0.016943954272868624,-0.02309564553374083,-0.07539544695970087,-0.06560044599797649,-0.08753585807914775,-0.048275582593431336
2007-08,0.02711181134658877,0.060886699647562534,-0.0298130462580787,-0.013831572236389412,0.05482392017406244,0.007809662106889314
2007-09,0.05051356356636571,0.010993640570906711,-0.05896115591552708,0.036828639988381186,0.058267165510602376,-0.0029152461273098187
2007-10,0.05341022594993822,-0.013996149810728591,0.016145177306596852,0.10805655954585364,0.10797745914137379,-0.03857986265847764
2007-11,-0.09336660997830326,-0.008311228487524717,0.04534117383625518,0.04590001602916812,-0.06558512200901535,-0.038483685997649245
2007-12,-0.0777948526990208,-0.09292793805448459,0.035211907894587974,0.0042381042937900204,-0.02655101745207035,-0.029528832356729682
2008-01,0.09523537724619212,-0.008419476739134134,-0.16250746154880838,-0.11002489217454874,-0.06644659548676601,-0.12774449598397714
2008-02,-0.02539628938032911,-0.056867399255191,-0.08822498686448943,-0.048906414152445836,0.0038062000370005502,0.09685295103521409
2008-03,0.023014418909531178,-0.06945689562482336,-0.05200988553435635,-0.03509590253663582,0.08439548761127005,0.029940569096510834
2008-04,0.12063757741506374,-0.0006293870737922857,-0.2137905632624405,-0.009847280594588982,0.00735430457014431,0.04275728152969336
2008-05,0.028173436128007802,0.058339376964530586,-0.17888238524409994,0.016407901875948712,-0.08005421170358391,0.04608851748045087
2008-06,-0.03403276342301149,0.011746455542064852,-0.30617444845810254,-0.018497454041393482,-0.34438249268920124,-0.0425577130663437
2008-07,0.03321042344570047,0.012999285229313637,0.07646854044415585,-0.04471363913428951,0.14944239876194643,-0.007158276746154291
2008-08,0.051842747243351556,0.04497305373320607,-0.03370109039303793,0.10374899040333233,0.04622077299762258,0.02985818056078558
2008-09,0.0004791020578545998,-0.012483122578397165,0.15573689371052132,-0.09792853457492896,-0.01976241905387167,-0.09826343967904512
2008-10,-0.022697692156021333,-0.09369604903304363,-0.025890797221284362,0.054954578214134304,0.2620603523564836,0.10189619944519403
2008-11,-0.1347402938425205,0.12035495538629906,0.07272116741394331,-0.11990495048160074,-0.12622453167748712,-0.15028946883259428
2008-12,0.06775262366990292,-0.01899617006464569,0.17399058350388766,0.16398430098680755,0.2106302623564699,-0.1188313347001295
2009-01,0.042702308245107755,-0.022025915253220254,0.08473690366609325,-0.07273009763933756,0.09468299005090837,-0.011513910944646839
2009-02,0.0029612878853121187,-0.18695717738193368,-0.15206374327123903,-0.06033459685113106,-0.31875500619359715,-0.16724576082038742
2009-03,0.047820373705169505,0.046328255707312735,-0.16521231602389563,0.22945494817789214,-0.0606564924619319,0.08737404394171729
2009-04,0.2380399537003377,0.06060417656730547,0.25423929165310966,-0.06727534043639001,0.22280806328212316,0.1693072093334318
2009-05,0.03282559874523899,-0.0040084698068021596,-0.07882519482759735,0.12524323613628105,0.23736365284034627,0.019549867496593216
2009-06,0.01604000036580089,0.057485589463814525,0.08900039858559315,0.006951035418097234,0.040799854383858775,-0.0950470524285803
2009-07,0.10439430007677587,0.030637264501540362,0.16694833016406738,0.025974233770977365,0.03852654280873237,0.2317158990096216
2009-08,0.046483512622960105,0.009703069798643061,0.06981708483333851,0.021828856530386395,-0.010453684728162702,0.02673572411799384
2009-09,0.01588153131341461,-0.007000699349430356,0.22065712486312006,-0.024068966602015924,0.2262796561539649,0.0272621972370973
2009-10,-0.04292657540208336,0.02527956491151328,-0.12486097157844125,-0.044567743601742656,-0.15500003163790527,-0.0004002593387354226
2009-11,-0.012478024742754584,0.08679612114100722,-0.04744144886040373,0.11717553662337532,-0.022282573951335826,0.08263611011347596
2009-12,-0.09426426224383636,0.056680164272930156,0.15595200076097943,0.020078075117090633,0.1568833632188238,-0.04588775634216271
2010-01,-0.07132921795333627,-0.03718589817909992,0.03163636006667699,-0.014230685519217906,-0.057023551624457346,-0.12816076282636985
2010-02,0.0014489156900962022,0.04027987638635202,0.0005039697307962167,-0.05040543859876056,0.17414424243827253,0.05813007287679044
2010-03,0.035302796406746946,0.024218571772802764,0.12315316434180802,-0.006243963968413611,0.049024970965994424,0.04297236350134235
2010-04,0.04823469873113712,0.07111167801611698,-0.029171266679141307,-0.09287204699153766,0.010872139867202436,0.02242153836012293
2010-05,-0.08580943883692693,-0.016245279918190237,-0.11376126218056067,0.007757221659668914,-0.07216068925499677,-0.05377371922597384
2010-06,-0.07015855594769335,0.000529165975852201,-0.12240642480196896,0.042796801570634965,-0.10837947670382043,-0.12357274685473349
2010-07,0.08341092029454956,0.05841143957848564,-0.04892972853164293,-0.007848383659597634,0.030140496553145713,0.02825908104542956
2010-08,-0.01840704895638419,0.08176001452892842,-0.015974168674063666,0.05886878613693116,-0.014651673019055992,0.11101605224714517
2010-09,-0.01771746354749412,-0.02809689205530523,0.06969689650434566,0.019721505633781104,0.02821604236323108,0.021158471247944306
2010-10,-0.017735797022749085,-0.004138782878384231,0.09586412724199135,-0.031078832022577246,0.03961189003866546,0.01963336252722691
2010-11,-0.015189548079280135,-0.03529628670837223,0.14512971926643134,-0.06567687697092245,0.056596324678055566,0.06000214368504094
2010-12,0.014987394724098511,0.001996566280831239,0.024091291533730887,0.02710145913314011,-0.11473293238566488,0.020866925149751154
2011-01,0.06582005917059718,0.0011529380302684844,-0.04389671029856466,-0.07265191149160416,-0.041023468736119756,-0.03581614807740108
2011-02,0.05389325246481182,0.03415028013586373,0.036076023857204625,0.004039245360503633,0.030171961695527043,0.03130195158992424
2011-03,-0.014649816361646773,0.031016446442767815,-0.05224666082345637,0.01737423681896414,0.12103149602213947,0.05082663322888686
2011-04,0.08572117104429855,0.019300212414102604,-0.0774872337265063,0.03531215408873144,-0.05012905361065081,-0.04518943985416603
2011-05,-0.008431263102188393,0.023713701252818513,0.029784443426539926,0.03143204217132223,0.16404497938394433,0.0010804510389928212
2011-06,-0.03426620051676787,0.0001534157526186945,0.04088456514555785,-0.015459078028009618,-0.017861446905552057,-0.03132061965460605
2011-07,0.07662557116325615,0.0009980803485986809,0.06960283758815676,-0.027488007651101314,-0.01602414221325137,-0.009151383628249174
2011-08,-0.11345782373088244,0.031434957477324,-0.16874402051304238,-0.008187984911695652,0.03673661332766307,-0.11502086660627459
2011-09,0.07224948629648215,0.016508188247794143,-0.1804414051345174,0.03504824004156639,-0.0700824640258504,-0.07166420566410275
2011-10,0.13373235973243738,0.0057297605448898385,0.11393814989840582,-0.04824875546746575,0.05202145000926531,0.027628915335183236
2011-11,-0.01618410391222274,-0.008209032706610015,-0.06832467982529872,0.041659076802948045,0.03403548090090561,0.047238541882247236
2011-12,-0.09603815349305195,-0.01947148375064515,-0.013052417258215952,0.016346008391949215,-0.09367349953088568,-0.05924861114376247
2012-01,0.0671658043626096,-0.04006028543270642,0.08330548517409041,0.013765259153443921,-0.05355998720921163,0.11495021291849507
2012-02,0.04982486056970321,-0.004245976430459551,0.012638714131439641,-0.011513203976621766,-0.04515762205506732,-0.036939879275238466
2012-03,0.06406061646822142,0.01772858995342706,-0.167545446502626,0.01573731062952794,-0.06599052515743958,0.003792352932325973
2012-04,-0.013265860962055476,0.03180307725519397,-0.1113247392743906,0.012774565993965573,-0.0567209197631212,0.013265740888872722
2012-05,-0.08789895841712166,0.02377194114509917,-0.16742501337587143,-0.022553719481639582,0.031327029975939745,-0.038174602797895266
2012-06,0.019619671358696463,0.032286964768470136,0.08731614852356437,0.10258642536822807,-0.06775448798546649,-0.0425830181046064
2012-07,0.07868291227381159,0.03464157661710851,0.0679785255879008,0.045418353396975086,-0.10352565821268798,-0.002832098127858267
2012-08,-0.0068916416621532,-0.05979351483674962,0.04658202665374187,-0.0184122167210691,-0.07295569470578199,0.03427365146172992
2012-09,0.02464463358274543,0.019734610040334173,-0.04639611675590877,0.055338815742338954,0.08369439733588004,0.030022301375715547
2012-10,-0.08272862688610118,0.007683452708543584,-0.11399606566459615,0.004437961563563202,-0.02975918644154441,-0.022928025704393045
2012-11,0.055142158489653176,-0.034833065053927414,0.023938873638038583,-0.033809823199830884,0.022432439787724173,0.05569905839334582
2012-12,0.019488866654904555,0.014347536667853125,0.1661883780728645,-0.03227169573625886,0.11287733707270362,0.050834028387019475
2013-01,0.048784246867023824,0.03705798491706249,-0.0076569413245815565,-0.008751010648059495,-0.00710107073045239,0.006499746194813207
2013-02,0.005885701420838944,0.05473585714590762,-0.08839166724516394,-0.0021144050533598046,-0.06087217333627336,-0.04924874901112252
2013-03,0.01678149239120284,0.027699077402591882,0.020518322227151553,0.0015167608601738415,0.002780685792820448,0.05436072271795032
2013-04,0.026251759482316738,0.05799212530115525,-0.02514782574470088,0.06949998357117214,-0.0015871793821055364,-0.054177844823812285
2013-05,-0.045881306295704326,-0.07311329290963271,0.1446743278762514,0.025919602141825343,0.09508250643014364,0.057585633303286074
2013-06,-0.02476243837411904,0.007570444541792068,0.07050418075571233,-0.06046041903026622,-0.0270017662288536,-0.05968348968400326
2013-07,-0.05464541728519272,0.0389407398162855,0.07375199488703729,0.016597459800555506,0.06086258717786162,0.04155605682553036
2013-08,-0.009679238903725448,-0.025914736932608005,0.07526179733234861,0.0051060322468537925,0.049747236757258326,-0.0029649318123189856
2013-09,0.004070350560225952,-0.029305259674378904,0.1156778412025686,-0.00017162309825380291,0.01655578139655026,0.08836262854993703
2013-10,-0.009757248715165664,0.043260579572412354,0.06394195966232184,-0.048027802077846314,-0.01846404911502743,0.13466423436773647
2013-11,0.050993616855970876,-0.030774109765566285,0.03818520101922591,0.10675167912199594,0.04708654806271636,0.09775780116230474
2013-12,0.07186183599629654,0.011371869016087114,-0.13028507621721036,0.028853300977520212,-0.08619648682051745,-0.04183430487669862
2014-01,0.0030470087102254825,0.001738641155726732,-0.03541113046877366,0.048118506401361415,-0.0699358762653306,-0.15331978725622597
2014-02,0.02673251428282164,0.03926343425182972,0.09160331637100438,0.09967266551770934,0.11308559507477721,0.030212043784572817
2014-03,-0.029815330035221313,0.019522283958700738,-0.07091276653574896,-0.038792926292732385,-0.07351841396345853,0.10116050016639402
2014-04,0.006718425310187384,0.02871331176614045,-0.03463237528100737,-0.009192483123734626,-0.12061033160875097,-0.0933708738016828
2014-05,-0.02170516428370484,-0.03548443765819835,-0.06451176057271352,0.009033806827154838,-0.06643044417026371,0.055087378122627886
2014-06,0.0004186560092835948,0.04794648631915,0.18348815201965002,0.03536942628298843,0.025206488354711322,0.0693455976460017
2014-07,0.02297576171535472,-0.03877371033290638,0.012316197956963305,-0.027621864467393405,-0.034976779060472786,-0.08617081396817233
2014-08,-0.0010677393580871615,0.04897574078604991,0.010074783787464028,0.03296238149720452,0.03503738093426233,0.04990294463269667
2014-09,0.027421910906588423,-0.02583321811760256,-0.05180769283522626,0.0031439951083354913,-0.0878347890662633,-0.016135043255602007
2014-10,0.06012444170166757,0.058774291663487715,0.08126997084456702,-0.038217693111153785,0.14431194003430428,0.20458700686235504
2014-11,0.03635270804924332,-0.019088770176173397,-0.03847336784221997,0.018249845928144957,-0.04834716327310037,-0.0501224698036396
2014-12,-0.04291571333016406,0.05933005130785315,0.08646321657726833,-0.017070792705984824,0.11892856570700132,-0.05561108341460174
2015-01,0.067652315992011,0.022271098676003357,-0.0110260609659672,0.01965744257011867,-0.011070212348888449,-0.08791813628704948
2015-02,0.058775872294539164,-0.09578728952016946,0.03348695103250463,-0.03240567661590285,-0.03441679660388524,0.15466993894924827
2015-03,0.011569276368508966,0.003961698283034964,0.061841291312004165,-0.05162435845740632,0.04954447866842867,0.026396907843928414
2015-04,-0.034373053116206274,-0.0013633974623600594,-0.027853967340271586,0.021514647251599395,-0.0929175575734967,-0.058511756089451944
2015-05,-0.0032476592990558877,-0.021677266565548196,-0.03955085184977267,0.005420501935695093,0.012589253017652709,-0.00956413085938964
2015-06,-0.021667807522174044,-0.03804596366566291,0.06915619505017587,-0.06048564627178499,-0.007175318938096143,0.013741462095412502
2015-07,-0.050254621508216926,0.05488351009930385,-0.19106226167695545,0.0009861940997872537,-0.09130340820522061,-0.07810677641706554
2015-08,-0.039069408865155184,-0.015306321796871898,-0.08467804767276693,-0.08354592979709871,-0.05273613137189908,-0.07144891697243623
2015-09,0.014499352168075401,0.04109480710735368,-0.20526246850725507,-0.10365573116584038,-0.0224287022421328,-0.10886163499914629
2015-10,0.10309414823887168,0.000585332204627938,0.18656123610497094,0.062027319429416486,0.030790006889221302,0.18233764205855604
2015-11,0.01869805114205855,0.013554091205439447,0.11289955939837047,-0.021027444438279128,0.05666647625831426,0.0806878876257333
2015-12,-0.03086677687454456,-0.008748731117710901,0.08308659001432962,-0.035263130076579094,-0.05008049925162661,-0.2329096678589642
2016-01,0.0032034208722151233,0.06192347663870135,-0.16674693008524347,-0.0005390985121529201,0.05631376190220613,-0.08214400483540722
2016-02,0.03273410382168008,0.02055107020431673,0.020802724601295067,0.045830135446108825,0.006023754821489915,0.2721244702522248
2016-03,0.0787738143279085,0.08836192699793678,0.1749445005255278,0.06649326105826626,0.06301697513426356,0.12461542486416677
2016-04,0.0400936732936772,-0.009644111450599117,0.039991378094806775,0.044079611034512106,0.043988141938892146,0.06974158930509397
2016-05,-0.004894538503959521,0.02684308248173135,0.028723959609654577,0.04138157176738918,0.06303820458549507,-0.018336451293491665
2016-06,0.016102555389368705,0.09419126441526292,-0.02294020117907332,0.03140266635887773,0.015049829585347861,0.015891466057391408
2016-07,0.017312899664574555,-0.005065246523350288,0.14520321510397521,-0.0009256382833515754,0.025325369446280277,0.10169057454074586
2016-08,0.030843294727327112,-0.046722297596600515,0.018614646133520863,0.10883389096584266,-0.011173688039109878,0.07465650792032799
2016-09,0.03267333458812006,0.01059655619450538,0.20657684322767975,0.016948355415913382,0.01926372678217901,0.04965940602699187
2016-10,-0.04399868918822124,0.01744683450428207,0.0023302973373096943,-0.08808521176526492,-0.028926903320944615,-0.06364147433137783
2016-11,0.02550578913078573,-0.0061090928394224465,0.08911478540113034,-0.007215075495037665,0.09733308049417877,0.16301342238853497
2016-12,0.00556748461627159,0.06040333631309658,-0.09737986283604717,-0.05185220075981863,-0.0871509201374735,-0.05748969281526048
2017-01,0.07389118844989997,0.0019699374570055425,-0.04739252485596577,-0.02022548793557956,-0.03196717788271845,0.008314139773526666
2017-02,0.03502657601030016,0.0405318514922248,0.0575365332209657,0.10149759241232008,0.06625719147985894,-0.032807389634790324
2017-03,0.031112787211176694,0.020288364497263504,-0.03046404792780927,-0.019823609679198252,-0.02866773513811213,-0.05333119624404848
2017-04,0.010551803934944893,0.028751047521100713,0.04311052858474352,-0.027554259331025854,-0.036670378658407284,-0.016635474320261596
2017-05,0.04938956330380673,0.04620274719298792,-0.02963689932717733,0.03411983477033226,0.02343988418449979,-0.06925486434048359
2017-06,-0.026341909924741565,-0.03791008837464659,-0.02586373591132182,-0.01216817065084269,-0.040341725888273075,0.02857647223632945
2017-07,0.06504840830192721,-0.01927377002657118,0.0647668824058063,-0.0460221081388085,0.05186855486076396,-0.04498669362306756
2017-08,-0.011028958454453782,0.05035346656536585,-0.0389213618839671,-0.011042774209066348,0.032911307680021616,-0.07247492189631446
2017-09,0.00021600732575674327,-0.03331189926765611,0.029709498077666933,0.007285974146393107,0.03293292962345325,0.06973930911793205
2017-10,0.03261456659826814,0.021231895786618726,-0.0024429982703996034,-0.10471991373356776,-0.018868639104554594,-0.04005796465469534
2017-11,-0.020852412674820842,0.04135963988787977,0.07329052647094877,0.01449167048891553,-0.010075455093099544,0.03131906685058871
2017-12,0.006786643888594349,-0.060032105714776386,-0.043791619874296216,-0.004913952232412725,-0.033540756362693686,-0.09032162202347593
2018-01,-0.0079269527063754,-0.04191222223866999,-0.06261217597697671,-0.02139623200382977,0.006239781648972898,0.06259241937902175
2018-02,-0.017366865228122648,-0.031024167728782314,-0.03930691150046014,-0.06790016365753486,0.03542646734666821,-0.031175440025400635
2018-03,-0.017112839812511247,0.028479550674203352,0.0716992836205041,-0.02683559587537212,-0.031669084762071885,-0.04868209036744178
2018-04,-0.04910108184795656,0.011174842748587752,-0.04598035957360509,-0.022044789898547384,-0.028515289792116802,-0.008141766209763479
2018-05,0.06305971594874273,-0.03773632487432125,0.07777936320951372,0.021805728436106064,0.010372091659782876,0.002624692098762177
2018-06,0.015131208745032853,0.024183964984583983,0.032087747841240626,0.008695295730929116,-0.03509746587437271,0.01074922426662588
2018-07,0.007361839536061633,0.028266982685592103,0.06856864078311732,0.08083297010898031,0.00847326359459924,-0.01678939182178073
2018-08,0.015718256919844055,0.030842996426634527,-0.014351896683477687,0.04949249409467292,0.09959425092735943,-0.17659547279345264
2018-09,0.03926066764597019,-0.013668041212448356,-0.014119476490947419,0.01563065580183765,-0.00011433930640807475,0.009945589769084716
2018-10,-0.0701351554895209,0.028703107686820478,-0.061090673060647915,0.05595498934368474,-0.12774257221236127,-0.1947890941254292
2018-11,0.03190807313852157,0.03844847067735468,-0.086828619722533,0.061119476961178705,0.00871060593650018,0.14681448404894565
2018-12,-0.09215720367175778,-0.09600820928178301,-0.1286480880741739,-0.021454067877220477,-0.11267931264987455,-0.11663829142378548
2019-01,0.06075585924916616,0.11119727088911219,-0.004906336071864695,-0.015405470563467591,0.07258566532158092,0.13979802347605275
2019-02,0.02500037628321982,0.09908784354633522,-0.025461909237360813,0.06632347071274028,0.07380141749536057,0.05364985257043956
2019-03,0.03630347864145821,-0.004129717193455926,-0.08080169410161979,-0.010383816812715534,0.03344661777295707,-0.046263335012974784
2019-04,0.06104813634284188,0.0032022782569456473,0.02201083901627855,-0.0761391800676949,0.038134344889620364,-0.0012611680524620833
2019-05,0.01903593337747562,-0.0117635346732038,-0.0050314300603798755,0.07184182289335792,0.10877004213642191,-0.033978194146918994
2019-06,-0.008266981144533244,0.0021484670198745823,0.15618742028931462,0.011455714760324726,0.04486810514049965,0.016327913229388164
2019-07,-0.03642164575332743,-0.016454382995141417,0.06710896163655314,-0.041220404196523744,0.027061993927967726,0.00045204146541576645
2019-08,-0.03930999095885788,-0.014914149509127249,0.043066869273964345,0.006295456719477749,0.017607235011077842,-0.14602591206381782
2019-09,-0.011233833882090533,0.020349377230725278,-0.1017774745306723,-0.04932457636052071,-0.14209023602084248,0.04589195550640129
2019-10,-0.0020804410132765363,-0.033542467912721356,0.017581882273428454,0.014787126262818969,-0.014727774838512498,-0.09841529535984862
2019-11,0.015772355476991337,-0.013003441884629222,0.06888328905105792,-0.029581915709160612,0.03492691594241226,0.01828934754423188
2019-12,0.014105106479393243,0.04406248765771,-0.06852252742627062,0.006259535833991143,-0.1546288322090605,0.033109596191499446
2020-01,0.03249133068623504,0.008431200216909221,-0.07024778890323786,-0.042230804994628654,0.051412801230800484,-0.037259473435210355
2020-02,0.009768077537499635,-0.1544293188523779,-0.13289992767174744,-0.07439531255249543,-0.10378842559701545,-0.08174951169907681
2020-03,0.09520146264451138,0.187437602636521,-0.45145453627789034,0.24445301726712343,-0.03411592668886583,0.16151714713579338
2020-04,0.005353815914792325,0.002558903904756264,-0.13320439491328273,0.02276821091682814,-0.029052185186320658,0.14020212927300882
2020-05,-0.03450339320523143,-0.04401391819066971,-0.11878777972066303,-0.035794580543907946,-0.02760589326440015,-0.09298776125519768
2020-06,-0.02305826993327613,-0.0300139129827738,-0.20055309652982486,-0.03927724964712596,-0.048477362873200175,-0.1031310195108503
2020-07,0.01800769013062709,0.10523555617389053,-0.18417798053900192,-0.011275785047770642,-0.08169846674902784,0.003012276550601485
2020-08,0.007746875154234128,0.009608010517077598,0.12345447003217133,0.018348327321529072,0.09360273254859605,0.027531808266777702
2020-09,-0.06125571041721175,-0.029765999710709753,-0.11846715823072661,-0.03575025140114612,-0.04236402863590146,-0.03857170840528345
2020-10,-0.0678924342079739,0.060246638667888576,0.06581042257330329,-0.08757893343628338,-0.016866301731007432,0.08813055765029314
2020-11,-0.09383992582234119,-0.0819658223828623,0.262224642362638,-0.09786472927457802,0.008871636098696017,-0.022265946374567466
2020-12,0.02407357683021422,-0.03835354063122763,0.16816530235376315,-0.006631643618966824,0.06474487203386435,-0.026295474980750706
2021-01,0.039218066152508765,-0.015453640499891914,-0.06919501877282688,-0.04866634442108574,-0.10715626824453481,-0.010184100122680449
2021-02,-0.010440751528341317,-0.03516766483831393,0.15400211011343662,-0.08415105965438868,0.08841897794484058,0.10048502408520041
2021-03,0.02331327493795688,0.1537431105206154,-0.08428100278957826,0.0401513361444579,-0.06984069135207678,-0.010206970977541871
2021-04,0.08517108730225827,0.05000040687183492,-0.05957840389354708,-0.024553634411060617,0.07303148539108409,-0.00490966688272224
2021-05,-0.0011543471185002647,-0.03790980444266496,0.03211169566273033,0.012132949114372628,-0.02038977409414631,0.06272081025628652
2021-06,-0.03210783733915309,-0.060818006537905915,-0.08998930973644054,0.02770039844571625,-0.03754802210016156,-0.13184386647452506
2021-07,0.06477570485310408,0.05136355314128814,-0.0491107847473939,0.005899272394727298,-0.006177768929033828,0.012080922308420509
2021-08,0.043767230502031185,0.010785688453985328,-0.030444505922567616,-0.0362279537242414,-0.035877436362874625,0.0037504649683729116
2021-09,-0.06338509249279942,-0.08077723264189297,-0.100351582205165,-0.038086206993896345,0.0029261525451304096,-0.10516255436133662
2021-10,0.0039203816486574495,0.010666013176514584,0.05547863160471752,-0.022732255135199986,0.051702667008477934,-0.06264862301719525
2021-11,-0.03999965931392675,-0.04504504296904426,-0.054821071994086,-0.000394810089872677,-0.0069218750189833835,-0.06907014058408287
2021-12,0.03706789037163302,0.05782119877623177,0.1542822419207651,0.023531089043485724,-0.04519028627460597,0.05360246291549851
2022-01,0.024482694414783644,0.013721498589709327,0.06995322572597217,0.11564432689891355,-0.05334078730390784,-0.03839328314187594
2022-02,-0.0012968389074896373,0.004723054921522667,0.1456191285865138,-0.04788292458828902,0.12629151389174256,0.09339615771058236
2022-03,-0.025255680859267483,0.07413808564791408,0.06966813862664842,0.048387722655423425,-0.003683929930519709,-0.08572779191826575
2022-04,-0.05355333782111287,-0.013272762846370242,-0.05330579454602779,0.05552925786810183,-0.08959213333256451,-0.0513952734041385
2022-05,0.020601632942144038,-0.03967255655319592,0.01986758832527712,0.07199441989522899,0.004898151844157931,0.035821597664208525
2022-06,0.0006638451079972465,-0.018083497914516484,-0.1065632489064538,0.0017839528567387085,-0.05984587277652646,-0.04079454056223789
2022-07,0.11131694861998712,0.04414803851634952,0.16098136790693518,-0.021904639270043456,0.20891291690154976,0.09995286483859064
2022-08,-0.056674562764412025,-0.01783564044724692,-0.03587388674361828,-0.028286844701334534,-0.04724555297276202,-0.10606923093202708
2022-09,0.015766803400948066,-0.10393850403545639,-0.10312827869531971,-0.01491597045205613,-0.027683128515230655,-0.12008220746825975
2022-10,0.06615350647512679,-0.05889962661827172,0.14996077487657083,0.11340811121022948,0.04968210567612202,0.12508206318739465
2022-11,0.020236286143809283,-0.002486528415567365,0.02482031281924808,0.09294654077390256,-0.013903332316254078,0.00984182081517808
2022-12,-0.03191843006924363,0.005222002070486755,-0.029260615613333037,-0.006286339382516966,-0.06497355445069958,0.010739492774670643
2023-01,0.12121060075159791,-0.013787189176879341,0.14433081951985105,-0.005000120280909099,0.08519187315029432,0.11761962418113468
2023-02,0.035282651978743085,-0.027156713361877697,0.10499821566724837,0.025850338142644064,-0.0010131693956331102,0.05441503923424094
2023-03,0.038175658170091664,-0.00529818807245972,-0.008149596432021759,0.014458204228736069,0.009459705380666893,-0.023414430836804147
2023-04,-0.01641942629571757,0.03218913805709284,-0.025656327397207926,0.05415131492345044,-0.015371131871938584,-0.03328532690735916
2023-05,-0.013859637476735472,-0.04880358112324792,-0.03165606704806313,-0.02697617705520756,-0.10518443531983837,-0.06927498829107083
2023-06,0.036242369313789706,0.011997544566412246,0.11240109824946487,0.05887367503727297,0.12778354161532454,0.017809461834998597
2023-07,-0.013911731730924956,0.031270179106352436,-0.017650759020118763,-0.0398434964896539,0.005762392418607197,0.05504507515669425
2023-08,0.010322154500379656,-0.09815448496211827,0.05202184969058625,-0.040833471112518706,-0.004106257603419442,0.03761228385379193
2023-09,-0.040299956955581875,-0.052592538992293304,-0.09319784027346613,-0.05973362695011243,-0.06002910810159589,-0.1348911503548694
2023-10,-0.0033756908080622167,-0.00541407338915858,-0.018751065945541167,0.006729437546470862,-0.05078788710591763,-0.12261050984384916
2023-11,0.04423905539199655,0.051551729357848686,0.12315828331086592,-0.027291422829450063,0.03259870745761809,0.1141993663311829
2023-12,0.050756262057265814,0.05793329922664421,-0.11011672952939104,0.034920928507798765,0.03583451112230101,0.07112164474547565
2024-01,0.03862316877334963,-0.043871103402145915,-0.0598948363760399,0.08640595576633814,-0.026685118247335184,-0.07798651453264961
2024-02,0.05725107514857753,0.057632962241916025,0.12579573232784597,0.013614223375805793,0.06713571311408716,0.09105809956530253
2024-03,0.015300339275434833,0.016231876788100487,-0.11794216805523616,0.0009355808915921955,-0.043555225367623386,0.03610661142878177
2024-04,-0.039011087205793625,-0.022905101018317955,0.14929991783231777,-0.07467695000906382,0.07133338373570929,-0.04952855654359195
2024-05,-0.008592070659437841,0.01911485321085599,-0.0295385140396671,-0.011645203708852768,0.012543427696903647,0.14826741145213607
2024-06,0.06000226292683022,-0.000359980217704034,0.04620355299425348,-0.005682328259946883,-0.008019207376962136,-0.025806666868031097
2024-07,-0.034332016986584876,0.03231447661007924,-0.10861815882939733,-0.10062236972775938,0.008736547485896935,-0.10612883410695843
2024-08,0.04033654777196783,0.002615058922209645,-0.005677910886972215,0.01662051569045903,-0.01354242703976674,-0.043933082635816835
2024-09,0.0021592018675830778,-0.005250157947199683,0.02215919529643415,-0.0002775108889424997,-0.010317645322953721,-0.07744718513367854
