Date,AZN,SHEL,RIO,GSK,VOD,ADM,WPP,CNA,MRO
1993-05,-0.07513541117170557,0.0,0.08990124821441427,0.03197486504647065,0.0723938358636375,0.00033212176474247676,0.08628714643752237,-0.050294816658787544,0.02680489799964375
1993-06,-0.08455288544136799,0.0,0.021977111248359896,-0.06061040048946527,0.05790941806925206,-0.0056156290427877,-0.06378794674393964,0.010997734250728407,-0.10703933270048406
1993-07,-0.022228224886817003,0.0,0.05003395606291425,-0.04426953578044554,0.03844234670235469,0.01159805446223376,-0.08204245553643143,-0.04822403539064787,0.07473020050451001
1993-08,0.06042187602371427,0.0,0.04852598885417688,0.017966051569759296,0.13531032984364064,0.05135275019800811,0.05966029220128899,-0.020179318657817,0.11283693932084081
1993-09,-0.0367222607415033,0.0,-0.05578409867323572,-0.06756237179098136,-0.029175315583135363,0.037413150871839135,-0.03102349720481837,0.03912867454441047,0.05424464212948112
1993-10,-0.04119383178069167,0.0,0.0558521093834717,0.018250841805965465,0.09557104668563109,-0.01694628723133732,-0.05268121143377022,-0.035349355407331834,-0.09840224716045222
1993-11,-0.007645885647987153,0.0,0.04422711779419998,-0.03212393273933541,-0.09401183329369828,-0.05407633979226452,-0.042887478011738984,-0.09986838270146149,-0.03595799778737337
1993-12,0.013870991239736723,0.0,0.07375054240934226,-0.0865755817569014,-0.006240409548431987,-0.037093609955746655,-0.08787878787878789,0.01718608545837773,0.036688381094806745
1994-01,-0.023427609807566935,0.0,0.05236098011625631,-0.007532401842075655,0.008800539421498707,0.15702810794662383,0.23871840414460144,0.03135855734595175,0.03473877472409047
1994-02,-0.04851142511167859,0.0,0.03098727358771465,-0.0902412793229809,0.07016939511790589,-0.00018623977412427728,0.21606186961048607,-0.09133719982049182,-0.06756233137738382
1994-03,-0.08615072800661687,0.0,-0.02877676304394529,-0.09121862965063272,-0.08103004286281325,-0.040123786394104265,-0.22159990005242283,-0.06911289100290241,-0.0503683743548905
1994-04,-0.051027776456905746,0.0,0.05314381152589416,0.007153652018189731,-0.07058664640600346,-0.021700779687164592,0.08653752816341204,-0.03446759423902196,0.051119015914699
1994-05,0.028263052527355927,0.0,0.06705417620879885,0.025715880760534382,-0.0023942644988576727,0.0772399690178261,0.013976886154405229,0.04457773315750474,0.007248022987636462
1994-06,0.06940383372865136,0.0,-0.009950664748878386,0.022663524270196495,0.004089967479837547,-0.056531852826499536,-0.08079442637142054,-0.058534191294342404,0.021914741549949067
1994-07,0.003958177366757691,0.0,0.018789812656690153,-0.00697662341049905,0.022416066983325874,0.01562905107381631,-0.036575852780190585,0.01743377007574865,0.014605983273830715
1994-08,0.03240975511001505,0.0,0.0783493231502075,0.06134442528714132,0.10443918442196155,0.04968920963831275,-0.11954380500294735,-0.003905086010967492,-0.0428286037050211
1994-09,0.04370168619390355,0.0,0.04579133252559831,-0.002942374634957747,0.06735022134406113,-0.015906769547075587,-0.09294790248286258,0.05174679352666894,0.08040624914883254
1994-10,0.04402722105991991,0.0,0.008908531544782501,0.017074037139758084,0.05643258158089669,0.09956733004604192,-0.03660463484737777,-0.01987001432978554,0.0556757813026307
1994-11,-0.06843760445077007,0.0,-0.022228863538776567,-0.04390226210418677,-0.022697574058194024,-0.052141609248452,-0.01784624688838132,0.022082688920984694,0.013288045549183124
1994-12,-0.003780881245932794,0.0,0.009383745494852021,-0.006468699792898227,0.15044465287330885,0.1353648891404255,-0.03876390904692791,0.07543885573424809,-0.1231667052905528
1995-01,-0.005930705420612468,0.0,-0.014161572918237556,-0.010502697075948798,0.0714609446054106,0.01894445962793783,-0.008771929824561413,0.040544593309405214,0.015032875339793762
1995-02,0.03327767602635329,0.0,-0.012205799016071306,0.024741486282863226,0.03739153489632831,-0.10190652677684431,-0.11833355352974854,0.09511895601851386,-0.0073921009383623405
1995-03,0.04554740008398252,0.0,0.07070795406800102,0.09099491749081758,0.14771782396910998,-0.038248467242014944,-0.045367975375285315,0.04805428855768441,0.014721723003324775
1995-04,0.008763168160091983,0.0,-0.009957537384142616,0.004865208706092908,-0.011413144486897609,-0.10168577278553483,0.01886792452830188,0.021766483525473,0.08553641462027524
1995-05,0.010794000704235446,0.0,-0.01637612086969506,0.010899231696496562,0.05037938489181953,-0.00040661894238269676,0.08022508231860981,0.08098291525770422,0.08827026584147547
1995-06,0.03683012522244967,0.0,0.00275592317120592,0.05706773602953007,0.24148077253401312,0.03421083967934656,-0.14644278280641918,0.019822966097236095,-0.0002415559168294774
1995-07,0.0014716833318270922,0.0,0.030755551578082428,-0.002015210813253651,0.046147837458973315,0.07157255888202269,0.057154826740080204,0.0470083942667539,0.0521553205468395
1995-08,0.004314037845926417,0.0,-0.04119198219395876,-0.015541629073145699,-0.022553995240096398,-0.016310594825935085,0.25939231340790203,0.08170149364838075,0.03794430441065466
1995-09,0.047969194742359125,0.0,0.035501541451725516,0.04819160693975862,-0.04376900924891762,-0.03842274495610834,-0.05678839565377103,0.12216765450314433,-0.024169143116223465
1995-10,-0.004571681450721018,0.0,-0.010486791294084741,0.10837578968008478,-0.018535208630150513,0.094775335923141,-0.11053598092645167,0.1112622419408529,-0.1371457729055851
1995-11,0.08098660650258444,0.0,0.022857052677720112,0.009299530880664172,-0.2403397400349935,0.02781301161277736,-0.03783462472662162,0.022285048568180702,0.007181871956157966
1995-12,-0.046410632810755935,0.0,0.012606512729399253,0.02831450687309006,-0.05709448129101735,0.05860101246313525,0.047961857704817465,-0.021457095852601596,0.007329862155259756
1996-01,0.021722756810388218,0.0,0.05167633459470604,0.04917729629246455,0.03731001652674892,0.07672351174281757,0.05077081381920939,-0.002293171932216567,0.04103317884040107
1996-02,0.00015110577760437153,0.0,0.07104471967887192,-0.0003830977361034635,0.015036227636113913,0.032983522798576526,-0.012389420839686376,0.025037222123051657,0.007104619251832315
1996-03,0.07444820744757881,0.0,0.037442722775873474,0.027958661792443443,-0.03608259750701784,-0.0327331961289612,0.061324287524859085,-0.014764442573647027,0.028215822986615905
1996-04,-0.017773952656192995,0.0,0.05064689109405579,-0.050247260395114034,0.026037294913479895,0.06769049703171998,-0.022296000905217335,-0.13756188664326371,0.20429292909608734
1996-05,0.008029058471365955,0.0,-0.008608846242066733,0.06501364143453037,0.02055438980147509,0.07346034166899497,0.0032688172451600167,-0.0140897175893536,0.08368413533056102
1996-06,0.040860273411291746,0.0,-0.0058239076091335116,-0.03270918256510794,-0.020228605043705376,0.007125959762476715,0.08629773016465295,0.05196938302323774,-0.023167865882497474
1996-07,-0.03754510994915417,0.0,0.007787485504769071,0.03654413909108039,-0.055916792891512704,-0.04794650241160797,0.003666586383202512,-0.014305813950903737,0.06231276976812176
1996-08,0.054122084463556576,0.0,0.04466582441645486,0.03155200920037463,0.020607861991435796,0.057089343863630564,0.014691345639002441,0.017474667188716174,0.036922566094721804
1996-09,0.031241544157714775,0.0,0.010108052087924736,0.03904440861427401,-0.07068156194944815,0.12290934632808119,-0.0167755158428188,-0.04019858712466363,0.02291113253901776
1996-10,0.0442394078994144,0.0,-0.012763016945798535,-0.01210123828183203,0.006867803792289446,0.1367087429654581,0.023623687563843865,0.024086122733497736,0.027729373685772378
1996-11,0.04630513333199975,0.0,-0.03917904252279138,0.051941776899050114,-0.01437714655731555,-0.017323088756381656,0.006984982982097129,0.07926668361615045,0.06388184685969117
1996-12,0.02836442671679472,0.0,0.006258368506256307,-0.006647516247799763,-0.08094237514177564,-0.004585839787933087,0.05230713805743125,-0.01628036037852138,0.032802208198656924
1997-01,0.008899193352670287,0.0,0.024676445240392045,-0.05890570015788706,0.0048316653282254075,-0.13994262435776472,0.024369137887496218,-0.015238536149563347,0.10071217128842845
1997-02,0.028760746222739973,0.0,0.03921311898594367,0.07427967330657734,-0.06157639194281643,-0.09920296601266676,0.1427558424524817,0.05230038312264432,0.0334712442456794
1997-03,-0.02040056779171577,0.0,0.011330626763012126,-0.012452623940213863,-0.07142971007961048,-0.07243917320502752,-0.0026687575115227195,-0.022910166250476087,0.023036902919045806
1997-04,0.02620691147995399,0.0,0.031721680036163234,0.0756805339593654,-0.011319230523768641,0.05837252757615379,0.0167649943130207,-0.07842802833726562,-0.0044845321909711975
1997-05,0.01223353075570118,0.0,0.019527549998943114,0.026841829783425048,0.005979772032799099,0.10882135446741234,0.043470562139312836,0.01884510018183452,0.04498697054543719
1997-06,0.05070087622759798,0.0,-0.0015484568145466733,0.06961523975769697,0.05705854061733128,0.22628828501310239,0.03219715091498045,0.03166883204693775,-0.029778636234799694
1997-07,0.015918305440396453,0.0,-0.06487271938696129,0.06335548062272907,-0.033313017588723674,-0.013580754181063217,0.10400375313825842,0.10449784100127756,0.05731259524266606
1997-08,0.02122479377001828,0.0,0.025098372995278104,0.004821290876211926,-0.023292554137813733,0.00019771025535284643,0.09691182125681996,-0.03346888718044291,0.04188335916456096
1997-09,0.008581620555829138,0.0,0.06616814068522749,0.029381416991203904,0.01638534657318616,0.10166919471878721,0.03335530772038276,0.10969045591539581,0.09336309677019285
1997-10,0.14354897436165187,0.0,0.024376010420809308,0.06718407169997699,0.01837108596287204,0.01848024859630603,0.08680616811206787,-0.00022258038324427418,0.2000368214901434
1997-11,0.022764977695452517,0.0,0.1576213681037898,0.036392476504321716,0.058922832810317384,-0.0015801668651665754,-0.03833360995381267,-0.009480363197310429,-0.016677410410553938
1997-12,0.05752956594460343,0.0,0.15224501552533234,0.07219647374351613,-0.0707839159257313,-0.003048661359431469,0.025328686364536425,0.0034880746941076835,0.044260153093066225
1998-01,-0.0377252281414465,0.0,0.16104417692022485,0.08958089071702356,-0.08394966118122876,0.02605219922778805,0.022274124005896123,0.06150550815274223,0.09563303300084744
1998-02,-0.05183383984655097,0.0,0.1388894959876499,-0.05622216928430997,0.006804005337012689,0.07431786379290833,-0.021143305218089218,0.06149448814169608,0.058394040907214166
1998-03,0.009547125362816395,0.0,0.05144661804906665,-0.03849240950625041,-0.0756206044042489,-0.022571483955121367,0.1058960699510559,0.038649322234859146,-0.008590972802014285
1998-04,0.018805766932811236,0.0,0.0780977488637504,0.01719888720049363,-0.0324101171201783,-0.04507334070118075,0.06513446053256403,0.0021193836270480488,-0.09380501994978782
1998-05,0.023453150285456928,0.0,0.0719832413524462,-0.012993636535879245,-0.01876437958704845,-0.1306210115551539,-0.05972843309340691,0.016238162892298593,-0.03987939821073361
1998-06,0.05531644557832344,0.0,0.25580254802302727,0.05812996915305442,-0.009221694185811953,0.12830148232927113,0.02596036415107258,-0.050177168915400056,-0.02603503397639959
1998-07,-0.014896056436908103,0.0,-0.008810461722806686,-0.034398304932102185,-0.07483821149225571,-0.11855882754839077,0.01472149342540479,-0.1503025934298497,-0.022822221941370145
1998-08,-0.11199254774778807,0.0,0.07236726536056805,-0.07907189158261174,-0.1367124446597691,-0.06835709634087994,-0.08221923004930368,-0.08676380955280498,-0.2709249304709037
1998-09,0.03850499267336033,0.0,0.37559156673727395,0.13331582288600416,-0.00739624869407819,0.26599857290472323,0.12359073325932958,0.07020282309065395,0.3011735898924405
1998-10,0.20918333032405712,0.0,0.10935955536605817,-0.0041968330559686105,0.0501991570395356,-0.06116453354552153,-0.046342816962934685,0.09323871861281124,-0.044281656840560304
1998-11,0.013447117401394433,0.0,0.021887439697565448,0.05095556073194744,0.038474842638436924,0.06070925581817674,0.1700590361583525,0.022004040446024994,-0.08894491212164385
1998-12,0.16231441193200308,0.0,-0.024904900290802993,0.02084827298697637,0.0846567682923388,-0.04231150053324838,0.10796536307106536,-0.06307245573351472,0.16454985674433034
1999-01,0.029272000261633454,0.0,0.001430245920699421,0.022222913323069717,-0.06794287492931353,-0.14241556363585756,0.038815300745723216,-0.1264846135465747,-0.24363895380838618
1999-02,-0.14949331266293148,0.0,-0.04558097227203992,-0.09376392018755442,-0.11476425763310681,-0.008562023775538077,-0.015200482446948247,-0.047360488756438085,-0.08460263984235643
1999-03,0.08416439037724587,0.0,-0.03796385278180791,-0.02045712142924076,-0.03289339621745983,-0.032316988507536976,-0.04756753571096915,0.23613982644353357,0.041285111776214474
1999-04,0.0370139861847255,0.0,-0.08132797129974875,-0.06750731874329297,-0.1042953553811715,0.06684382140432761,-0.05894493382643806,-0.0630679777266116,0.05838570046345099
1999-05,-0.007414359433740019,0.0,-0.057386040748273956,-0.011408770872453532,0.05399482453563241,0.028611912402661626,-0.06553870176328298,0.0563205101915468,0.0020052765006817793
1999-06,0.06284086449193466,0.0,-0.03943605942475167,0.011307628286106484,0.019133977076295834,0.029154399261437876,0.03874066633640906,-0.09116281787848068,0.09669671764868695
1999-07,0.04286472509813276,0.0,-0.02470803765910475,0.06551471910604514,0.025995047558513944,-0.038116483699565495,0.10635513400882574,-0.12284457473323823,-0.0768217887903187
1999-08,0.07221039489973725,0.0,0.0786820047268586,-0.0071346927590752495,-0.08806506986689278,0.008831315760700677,-0.0006951702302300778,0.013312115709209246,0.032967467890570985
1999-09,0.04947263209289297,0.0,-0.07370064359515009,-0.04958487719076024,0.09401780690605017,-0.13016422836828892,-0.017281611475804863,-0.010512679250986593,-0.052649681624764695
1999-10,0.01598185685065255,0.0,-0.034057954585510926,0.14011436911573238,0.07495019027135241,-0.026544090766608408,0.016670162829818452,0.015008357723391848,0.01407883224381948
1999-11,-0.05156152928049611,0.0,0.006194150818065172,0.003543634697210999,-0.02918087255619815,0.04848245720932376,-0.15446670668846402,0.034279792481130625,-0.09885208056575671
1999-12,-0.017712659702151762,0.0,-0.08595946865385222,-0.1362594719707036,-0.034871712174285405,0.013268295868788754,-0.044474565130824435,-0.027635989667886097,-0.14390526119318223
2000-01,-0.018544734155133955,0.0,0.07452448352552168,-0.03421025119140702,0.11191506152006839,-0.03850437052730902,-0.11774979867360576,-0.13982383677622678,0.12418150579397189
2000-02,-0.12259547160242101,0.0,0.10585540188419532,0.003827740866444488,0.2332907828989748,-0.16291012081938694,0.0013466430625947393,-0.14456033774705312,-0.16376793239165158
2000-03,0.32723924843826774,0.0,0.04609522316713883,0.07080187080918526,0.18140493695469778,0.0033036310444750907,0.06101111273055638,0.16069540238995259,0.30195171186972836
2000-04,0.08828912227834868,0.0,0.2738497395177601,0.1958316676942866,-0.07568855784153193,0.0994638520570394,-0.03776223136380858,-0.035070445895491784,-0.049621313519755746
2000-05,0.14975168521655377,0.0,0.13009227965595171,-0.05431264542529528,0.046344149734997224,0.15468632877085348,-0.2787980206956878,0.09442796811129325,0.11613817269946772
2000-06,0.09221254411034768,0.0,0.16287531695275026,-0.009534845445033828,0.05957496782133956,-0.21195624745855884,-0.06446899247219746,-0.02343374287042186,-0.0822268723871536
2000-07,-0.05929052673133818,0.0,0.034289055439506215,-0.05111768249210171,0.005664957226165316,-0.0167252274457974,-0.08940435371607407,0.12359083005595094,-0.17292661240572704
2000-08,0.020259467748348997,0.0,-0.019444302245759874,0.048523925581849155,-0.1241242546743613,-0.11729111260455587,-0.062012723613334694,0.025824147303298798,0.119815459403971
2000-09,0.02507332642805921,0.0,0.025492078341553415,0.07262683989747612,-0.12467889615396596,-0.07610104412491961,-0.19393603851647057,-0.06721877205839757,-0.01981885006353792
2000-10,0.12522967509044763,0.0,0.0832101579210595,0.09149441176748253,0.06652508156548342,0.052339904743281485,-0.1609447049498234,-0.06910380932582813,-0.09054036491184579
2000-11,0.22263793378746657,0.0,0.002540192909354665,-0.06358738954236492,-0.14992841149231867,0.2528182810528396,-0.22858430660306508,-0.021760802649235484,0.010157554733009133
2000-12,0.04582803640743841,0.0,-0.020676247316993607,0.06437145253575557,-0.1176344466130588,0.07163301150809441,-0.17265300925594118,0.02484733333948255,-0.04997481064356633
2001-01,-0.041646526095322635,0.0,0.05099586830803868,0.006737393904522812,0.07368384335755077,0.08231801251589173,-0.03956291653526263,-0.14270665265481625,-0.044629000088282855
2001-02,0.06521177793347054,0.0,0.017502456602050548,0.024526742763371488,-0.15766411134939054,0.11768722939792345,0.055571345860784604,0.04744565164723611,0.01513652137739746
2001-03,-0.020938076680798435,0.0,0.07045710458100128,-0.11420813427704107,-0.12986332019519997,0.008698592931343308,0.09291643744928303,-0.09007278836652229,-0.05981256439477102
2001-04,-0.012802107520653985,0.0,0.111913407059655,0.0510871157168956,0.004121806145264611,-0.13855650868366776,0.23118240592035907,-0.07107310086888743,0.13846141076889587
2001-05,0.03794046432850233,0.0,0.041832760826831586,0.04687674966954371,-0.014970552135138494,0.07485615328170024,0.14096113731029009,0.0069257178677299535,-0.0012471996188701826
2001-06,-0.020844129444742957,0.0,0.022595092270123025,0.05499404921133374,0.038891733692561846,-0.012943173919216386,0.030147476147951387,-0.039884709373855444,-0.09591095116995445
2001-07,0.13778280021201597,0.0,0.17613963906946561,-0.00605320902603396,-0.12919674690565294,0.017444458464534726,0.07430967219679477,-0.024466295464137255,-0.06710277544295062
2001-08,-0.04612245783114993,0.0,0.012528511263681647,0.008238539982319356,-0.21834594702806917,0.012116010477085477,-0.17255289657633435,-0.20196169798320723,-0.02875873408345167
2001-09,0.030398121764619843,0.0,0.15977953960388722,0.0760589826635412,0.20276460295864035,-0.03378170227329302,0.06947847256449344,0.08765919942554212,-0.18256485605108463
2001-10,0.05001237701198297,0.0,0.1635871711351586,0.10635678940035262,0.11568138910660214,0.022021278781401855,-0.1513557752725929,-0.05032142868498319,0.06141240291225479
2001-11,0.13452535867749826,0.0,-0.045677551172989196,0.09578854201667157,0.041618460489279356,0.13853877259976238,0.016086721893055763,0.067355573490118,0.00712295012660202
2001-12,0.07126394184670613,0.0,0.20743763480718722,0.08884132479288263,-0.0038519417551209746,-0.10092750722154441,-0.04099977988019452,0.1087020149742566,0.1049946643141936
2002-01,0.06412305606588634,0.0,0.0007045621339496081,-0.01889085399607798,-0.15765396971159165,-0.08523218411392296,-0.006473796436129365,-0.01421843726881865,0.011739996089292123
2002-02,0.028669477273164903,0.0,-0.04605816925503542,-0.009821043580360211,-0.03678715846113196,-0.01853426267720677,-0.035062613678768666,0.022194424931608756,-0.008783157399012089
2002-03,0.009075930788671782,0.0,0.127246605283045,0.03826618080958622,0.010631669343222424,-0.020914511551477177,0.10984043916421411,-0.014302647019752325,0.005894804351758015
2002-04,-0.06558751519963889,0.0,-0.015642306583557062,-0.0558144597476851,0.037783848239762746,-0.1153943801092718,0.016131484754718074,0.03281391955836707,-0.01573501598021654
2002-05,-0.04393243610749688,0.0,-0.02501309976908904,-0.0455525002163101,-0.1165046339255781,0.12061579124993668,0.05010260400473409,-0.14565125703362902,-0.08368139063936894
2002-06,-0.004788811256431386,0.0,-0.010271285121060363,-0.011623841345712019,0.051274458371096794,-0.029998744135592875,0.022989770519741205,0.010712154410439314,-0.055838403801762915
2002-07,0.17302299859431122,0.0,-0.06334056549288877,0.1692436511854337,0.15085803691309932,0.08639052442810857,0.08330129465205113,-0.044577812013190096,-0.08042369812973459
2002-08,0.10774290770063404,0.0,0.146991085708979,0.0764383249242822,0.15606840615442907,0.05552934538425371,0.29823970828487206,0.05604502122839285,-0.001600791982923554
2002-09,-0.010731920829684381,0.0,0.08673602769758808,0.03444870338426273,-0.03395250380698416,0.0698937976138048,0.009105695176304478,-0.10790826840096258,-0.0849157334799132
2002-10,0.04534720391236712,0.0,0.18328205128786673,0.07629146165882658,0.20521695340805368,0.15182937297186785,0.11550877411113955,0.027400640821512588,-0.14515250267632596
2002-11,-0.058569276074945414,0.0,0.1054774022280202,0.03451706625912073,0.2674972369760245,0.01247470351177335,0.14271149736138677,-0.039491131637013635,-0.06086912950119088
2002-12,0.02399687164600595,0.0,0.0052275960619697194,-0.03578388943116946,0.01247161527638802,0.03701123302187874,-0.07905784851128855,0.10110988177234419,0.10512395955434363
2003-01,0.018420180581723677,0.0,0.08053798259610409,0.05173953969458128,0.13867282733902997,0.004843140839754267,-0.01309164149578646,-0.07159320307122082,-0.10927771138525033
2003-02,-0.03898835329479286,0.0,0.040897742981348434,0.004720870889575305,0.016874261416131048,-0.10775296811974534,0.04050801322357683,-0.02053276529139305,0.04129805526867485
2003-03,0.1433671940216518,0.0,0.04964110386943984,0.11146159024672997,0.1337746420550326,-0.0240715604430238,0.2536412884739673,-0.0009316864657323064,0.008145684260391932
2003-04,0.08176662769241509,0.0,0.00621667844003058,0.07206791192115268,-0.0023079799744246104,-0.026244278688328626,-0.08158233108868237,0.005257610855630473,-0.05333748561510637
2003-05,0.0931229485893237,0.0,0.03668261802244854,0.08546757512261331,0.11796876967331434,0.055608692649533546,0.1099592698503412,-0.01794915241720138,0.08341096697719308
2003-06,0.01450599142213015,0.0,0.048521802361991696,-0.030820069508125797,-0.06987236418874984,-0.026613218796462952,-0.05658784818023532,-0.039018432473658736,0.00533867092680977
2003-07,0.044703701666575044,0.0,0.1653352213484005,0.043347560707176824,-0.010912370846613001,0.04079770809052563,-0.013848993252245449,-0.024002504244222952,-0.06171290812171467
2003-08,0.033526365212889174,0.0,0.05367747396438892,0.018978605110926507,-0.0243459470516688,0.05335827443439193,-0.015515450797976083,-0.10015184086809885,0.08403121121332252
2003-09,0.0438758113907161,0.0,0.024541197921743915,0.0462340741865977,0.005988152623852412,-0.0008379582475397054,-0.060724512741696095,-0.0330222194998036,-0.014307471563062172
2003-10,0.13424168659695843,0.0,0.06493064408533748,0.017959101153960235,0.05258244498063426,0.09181262340265818,0.039526140009249935,-0.017856932837000267,0.014926653758645214
2003-11,-0.10496212253624085,0.0,0.07694785776768492,0.03059532628647398,0.05120116746194941,-0.01121209651481673,0.0050902570920948785,-0.04479506094864752,0.008336323806742936
2003-12,-0.013690679891845315,0.0,0.12558402840510802,0.07686112496646147,0.018441231409141372,0.036035224205988675,0.019968659159905117,0.07326823965801874,0.07752046114124929
2004-01,-0.010294004049253073,0.0,-0.01975487981492263,0.04327752381007787,-0.019907947891402437,-0.07611530647609122,0.058035262130140444,0.02292754878029379,-0.05999565225126352
2004-02,0.006280904248932081,0.0,0.026817780570065074,0.07816903712226324,-0.1326854950332815,0.054929584829748065,-0.03008774485598795,0.030433620923871297,0.05652253697145826
2004-03,-0.05136770923661749,0.0,0.084110410323224,0.057735832317700894,-0.05423013792970167,-0.024773661615022556,-0.02014491754379319,-0.03451735866884136,-0.042698191289134026
2004-04,0.12412222829066037,0.0,0.055203956534595686,0.06056611269016446,0.015908385376947692,0.014118556760955006,-0.03473342823447987,-0.023395027554171322,-0.054335121236656
2004-05,0.01157012256777967,0.0,0.07388200358796643,0.03788511857940406,0.04835753327764747,-0.07306476864647539,0.01006947253376736,0.05424646853805355,-0.040360834988080276
2004-06,-0.0008654688216701036,0.0,0.02429219153021202,0.03483738765364735,-0.025737227668625687,0.003393653351106968,-0.014039942570566831,-0.06477189657179246,0.04048812633189077
2004-07,-0.03629129202840732,0.0,0.0058924037507879995,-0.00778111039316686,-0.06282241598198188,-0.07162644152414364,-0.07216652640692256,-0.13313754256156987,0.008970606309100541
2004-08,0.06567154482380132,0.0,0.06340393928666697,0.05187971434740432,0.07808267019013881,0.05360265625809627,0.08296118549805988,-0.09917153690825681,-0.08428798537030187
2004-09,-0.008702819527808405,0.0,0.07811522189768945,0.0773017865555737,0.006554949483935609,0.07297457132797017,-0.005477177519388431,-0.012126174022798288,0.07116337615896891
2004-10,0.00021012168417917514,0.0,0.021165132239400027,0.019361757242928213,-0.019047099881631172,0.073295902023903,0.01067103570986272,-0.027557469039432608,-0.1176678616232757
2004-11,-0.09027537325564441,0.0,0.09956971945395963,-0.006254269258334948,0.010832382095929844,0.06251075185462064,-0.019150550538552753,0.04681888477014832,-0.03283976007012992
2004-12,0.051743847205737895,0.0,0.10747447684286951,0.19477635688556796,0.06543236966106362,0.04566845198361196,0.04137828317943174,0.06617310926928961,-0.1034454173079918
2005-01,-0.08245754723064619,0.0,-0.0301323862719185,0.02213876502973081,-0.05894150288167015,0.015368415965597487,-0.02105581273622369,-0.018549847754204412,0.005330447129286255
2005-02,0.04533432789556065,0.0,0.047111041266869796,0.01587940850972784,0.01030973515486431,0.03652290518228561,0.04729553369563831,0.04187493093373039,0.1176358578861897
2005-03,-0.044985614718867376,0.0,-0.021771768332088548,-0.1259552379771081,-0.02961303079346432,0.01086318499773839,0.00877145857081635,-0.04090980979656064,-0.058016821230819804
2005-04,0.05292923744291066,0.0,-0.03928128387238015,-0.02092110807205159,-0.0650628679809675,-0.04155970953865755,-0.013052442062629562,-0.035977337086874325,-0.11975599841224614
2005-05,0.04560916667451594,0.0,0.023625249925060793,0.04048757583376759,0.04986706989943117,0.06572889567937103,0.003168887579484922,0.011941483495097388,0.03014284993042986
2005-06,-0.018237680014777387,0.0,0.040312837790459806,0.021914820952018344,-0.025754162072108237,0.007593825849439538,-0.06259245007512866,0.05203147988476704,0.013430294879226708
2005-07,0.11471069797503186,0.02912404459496997,0.1088900094694557,0.07002182518664544,0.05706566273201864,0.03821709236342994,0.0028306448277186738,0.06175680572794068,0.03253220878082663
2005-08,-0.0009557129866999582,-0.03597341690278477,-0.01308328228066798,0.016844608747978673,-0.020559236527783027,-0.07032372967157208,-0.015997706751646117,-0.05274525623854057,0.023629414886635627
2005-09,-0.004224224679049961,-0.001402242785053322,0.07538779301162678,-0.0015584531398109673,0.007767057702055674,0.047672610364156126,0.009674258340695106,0.04026962092583411,-0.015583654820202188
2005-10,-0.0392291002859868,-0.036343584955033585,-0.02035171991781921,-0.07125413295680433,-0.049181484930126446,-0.06037421504936039,-0.01976405183899445,-0.00846124852985055,-0.194092473357839
2005-11,0.0012087671320552286,-0.0014396312313005566,0.020699656476689973,-0.040904380429240154,-0.024631742420306874,-0.0959299919376714,0.0012161099969574742,0.12073105032603958,-0.022644024709663972
2005-12,-0.026952392857276283,-0.027827817452579572,-0.03223519356555639,-0.02663744229962807,-0.013968873656163663,0.003258093450748614,0.00843788816181742,-0.06634971948469752,-0.01057438828980132
2006-01,0.00041869293871737875,0.005637406913438116,0.04372480601685143,-0.04344130777353177,0.049081952797752265,0.12566105281386974,0.038534267004333246,-0.039773947619927884,0.17549868952079659
2006-02,0.033739018520624754,-0.05397802976972078,-0.10040408194123215,-0.005619507706069303,0.018794853738088976,-0.04284264835568612,0.02913409422556794,-0.008220568538638584,-0.10059545799089195
2006-03,-0.00025601334350386763,0.01502180711100252,0.13386275761572017,0.03117528135556455,-0.008160498159331567,0.04053767758702684,0.03268945865279014,-0.01971881374858306,0.08539205553995212
2006-04,0.08162418443383473,0.013987453304540093,0.07761426899089754,-0.027781105599175206,-0.0331587662410689,-0.08300160263569378,0.04829769355567248,-0.00046977748062718475,0.012902666492751824
2006-05,-0.016388660410443942,-0.015657434767480462,-0.04522551564964687,-0.020959407027534512,-0.14122673611851386,-7.889366081883096e-05,-0.0338887039801348,0.02307053118357747,-0.03244446546719885
2006-06,0.018412642285597875,0.02817674193612976,-0.07071652407257042,0.040716832548979925,-0.0023831432741394883,-0.0985327876112916,-0.04396124062747696,0.016528234948882753,0.0944525239137967
2006-07,0.0915305964208303,0.02610604644092254,-0.002511296868595871,0.035334771666875604,0.01943602512960399,-0.038122205794142765,0.019423266557784046,0.03261726134429254,0.018437339690833148
2006-08,0.0342105305593833,-0.04418309996023064,-0.0582145193880033,0.013219045219770426,0.06082486970693226,-0.09100803952634248,0.07394280913682719,0.016488030861941144,-0.05080238243528621
2006-09,0.018598959459268937,-0.014847382992409563,-0.10981737596892359,0.0332654327730263,0.06482448246910642,-0.046841150690239815,0.025687564411520963,0.03385163529445975,-0.06535374212665311
2006-10,0.02628656678530292,0.03403057498446191,0.08556390312063607,-0.012219860745673588,0.05927416964650198,0.0034324930532569796,0.08101661861166697,0.013460586536840242,0.1222749593380463
2006-11,-0.051190601107811366,0.037884649354742256,0.009111796459461275,-0.034695146334134105,0.026460110836785386,-0.09775209550660881,0.0051800649324860145,0.021101782487834876,0.09083690956196139
2006-12,-0.048919193804804265,0.015474435321026235,-0.0633024017131914,0.006566904427334846,-0.030479298424734867,-0.0648777404914654,-0.04919158672450254,0.04643053451702373,-0.027219987523957153
2007-01,-0.04243624652909128,0.016839064593792977,0.08029621856366496,-0.013476268194159846,0.013959793931735959,-0.01021141965435945,-0.014992958478379394,-0.005438622244161413,-0.006180886951825633
2007-02,-0.03180366936503879,-0.02532475362428886,0.03147748530911186,-0.03343556760784244,0.0002629226336564928,-0.06786107614771877,-0.026782234035304962,-0.025487266184621896,0.01691661357739354
2007-03,-0.015070617246357266,0.062448398258512096,0.016915307126574304,0.048293692207889434,0.008266348499337802,0.03976055653326984,0.029459588583005698,0.030610140399035,0.04067443929432463
2007-04,-0.0311009479469017,0.0305536371191684,0.07783704294996294,-0.007241911120619232,0.03905337452497765,0.030029797537439968,0.041742637361592436,0.1319354487103012,0.019557978795037873
2007-05,0.022215652505237396,-0.0017429241324687682,0.13131543837013768,-0.03786527747038396,0.04859259907186317,-0.113978978988031,-0.00982112693609985,0.08815825735684668,0.145836968040085
2007-06,0.008976558099035392,0.00012898302691015596,0.02477618206998699,0.050530069811208146,0.014862833138174467,-0.07190034720705198,0.011059718648975024,-0.041970317746574115,-0.04346409213300972
2007-07,-0.10505831599191787,-0.03374173622486287,-0.02274436946910049,-0.0968170127676115,-0.05600910795519503,-0.04714104091143321,-0.05839824423110459,-0.0953641733333493,-0.14047422859608605
2007-08,0.01434310677276526,0.022915766191757832,-0.04951817491933789,-0.03184224713400103,-0.0135893533776778,0.029125953962690795,-0.012077020174728325,-0.06679007376734407,-0.05776745713254373
2007-09,0.01308321499187909,0.030027582158655856,0.2016517572423724,0.00976654699991128,0.10890661727015956,-0.028956485054350497,0.013548678590641471,-0.07079188382848572,0.026124733889361356
2007-10,0.012415021019219458,0.05477687577644143,0.07312193287367594,-0.018992932289769417,-0.007900887858110798,0.03911165338761926,0.03898772645376592,-0.06363363630271614,0.04642138332612977
2007-11,-0.08740565167240595,-0.0438953842077559,-0.18972358422008678,-0.06980934216859772,-0.07579996527459605,-0.005106341376079891,-0.02756612737485421,-0.09152771150900266,-0.14808948701162936
2007-12,-0.07472426263281282,0.012578835230005638,-0.027590827368109642,-0.10056893248786512,-0.042582341129808084,0.2513750534715952,-0.06265902119672616,-0.04136140262874138,0.06902309215556658
2008-01,-0.010042448147820364,-0.03843921989282833,0.12885736959077326,-0.007463066680758784,-0.027305008893938762,0.08747978160274619,0.007030613323779483,0.03021807617251736,-0.13473582313218982
2008-02,0.05019588557401217,0.03139653658041812,0.014153227105822272,0.1051557061655553,0.04012012235674706,0.018293488655985037,0.012251283061994583,-0.1717669768206145,0.03877611493980099
2008-03,-0.016844536873591418,-0.013979453967635823,-0.13240551847047505,-0.06944944663033845,-0.018380899439383227,-0.05116312337111648,-0.015167574014813475,-0.0048869439204975345,-0.09223220856251813
2008-04,-0.02315375296879266,0.08584262851030461,0.2507409835131583,-0.056439303753052304,0.07799449614732783,0.06658152997665609,0.08555774623959335,0.010782986809193333,-0.024478798176526363
2008-05,-0.026906366689957866,0.0268815324506053,0.07702924494210878,-0.020472503189383883,0.02706758738548621,-0.08126720844561948,0.006318599779788032,0.17884810290376923,0.04829138948550559
2008-06,-0.09013244980227106,-0.06342376072269135,0.04109078606708734,-0.08699400345743927,-0.016041342028132764,-0.13743373791203373,-0.0906998120385519,-0.12560391650174665,-0.03434803834957925
2008-07,0.008684334223961414,-0.12601656466056418,-0.1785374208667231,-0.10130302974818219,0.014292082601706274,-0.14116124616197723,-0.003059204352385349,0.10143572434407601,-0.17630441092896817
2008-08,-0.011614221101539408,-0.01799625897618577,-0.04275474474077694,0.04065341171133697,0.01216859515622952,-0.1349222715168917,0.0837886565784775,0.13176452478002343,-0.12569425409299292
2008-09,-0.0364696966743999,-0.03727814791795535,-0.18363685583416084,-0.05824665978777956,-0.1479757670310483,-0.12387546875302143,-0.12888384374845083,-0.10565007125333534,-0.020343085019708124
2008-10,0.05563118405008851,0.11768278883241357,-0.06556611280381536,-0.10276630661968372,0.004013573503728117,-0.14123611753784163,-0.018543023429468408,-0.3598004981368518,-0.10903582567256948
2008-11,-0.0862243502898302,-0.08218474734323654,-0.10658284016446164,-0.09017161725529219,-0.10874211403348084,0.12605239717822433,-0.2055704870040853,0.06293789153084581,-0.14537924444903924
2008-12,0.11809720445246896,0.05423958639134829,0.13203198890705464,-0.025720311549001555,0.04677385685282491,0.10380736576513774,0.06409077135798714,0.20228745851738753,0.023556090642231443
2009-01,0.0831125768100112,0.14613095599363846,0.08554318412589568,0.030962944825382487,0.07424595159400879,0.05792549790108328,0.022542711333103475,-0.20867712827518017,0.07568258771983935
2009-02,-0.03550621471648655,0.04385840932513353,0.03360850255647706,-0.045838544484759214,-0.060670013495548465,0.10170550157054822,-0.05735961015112115,-0.22916937815656765,-0.1614197464048014
2009-03,0.08225981959992086,-0.0022120757321675735,0.012266775869601503,-0.035634281941505794,-0.008675370853607867,0.02006251404524162,0.031056836155931276,0.061450136502145584,0.014312064515592424
2009-04,0.02180924845603733,0.09594182059817355,0.2637820836852458,0.01614469753467326,0.22929677859253822,0.01885199951179074,0.24508214162203415,0.40605889609235346,0.15424083350769216
2009-05,-0.01936000378246185,0.07862745362761993,0.00023134234987978665,-0.0679226701061663,0.06747454114456812,0.18256559945949974,0.026476116803097676,0.08205678257316566,-0.014517858165813793
2009-06,-0.012948400087367496,-0.014122986637789265,0.13123925469090217,-0.029282696094535227,0.03174869716658598,-0.027205450949565644,-0.09812100498244683,0.02467509456276854,-0.06891247053235533
2009-07,0.06082556500547123,0.019082945361863547,0.10215465600975868,0.05450283827596765,0.1526058556624619,0.15848103067711064,0.1121419968442629,0.09987691705319683,0.12982363054387888
2009-08,-0.024922210959010736,0.024461011928419787,0.05601471569957956,0.029336368628697696,0.0836755117875701,0.015306791813420897,0.07200200418462796,0.3307437141495754,0.0030756483008707626
2009-09,-0.12354478352578568,0.031154777151694953,0.02175846528516689,-0.02007589782775842,0.0036236510511280687,-0.0016515285379630625,-0.01898097917810939,-0.05146185308632363,0.017425655627142208
2009-10,-0.045808227841230856,-0.03582010842491324,-0.03674195074940788,-0.030998828253306843,-0.04932002914766456,0.05394918250208805,-0.062046290742766734,-0.0935927766242453,-0.05666254383776892
2009-11,0.08134052059273036,0.08634673763068491,0.0827575690774851,0.059874381519677375,0.07674867654982394,0.026353866853448323,0.08843068047523575,-0.07008757341761963,0.03670290090176308
2009-12,-0.05476835813554595,-0.0726713158489403,-0.06034949771207161,-0.06541893326007375,0.025738955661084025,-0.015429708788188723,-0.030722389441340387,0.016810611967054842,-0.14871484466736828
2010-01,-0.004296411356034422,-0.01964446146164319,-0.07205604190118783,-0.043181617059928123,-0.015129830645320662,-0.0669674054074487,-0.05708102418913733,-0.0003488153201165973,-0.0473877040114952
2010-02,-0.008694961318589678,0.08275464588676072,0.09040432989840282,0.030231508684936723,0.10828346158310165,-0.0082338320551979,0.03415380261989652,0.10054502664987774,-0.024018982390698943
2010-03,0.04472966096717399,0.0366228860034423,0.06350185954344514,0.061690838599711806,0.1227132285872534,-0.06687231353311852,0.032173523980063894,0.08150151414507532,0.06278165020197289
2010-04,0.02183486987416254,0.0754415999324196,-0.06125046475057375,-0.0016992118254595342,0.10498490471405006,-0.036450099594368464,-0.012848948159995233,0.07215276532561309,0.028710548317860272
2010-05,0.05806803213347112,-0.02583742784041178,-0.09615963339471686,-0.005208419827602061,0.03452493313509508,-0.07510098034395633,-0.04910584936499042,-0.04083300036456977,0.011406663623670236
2010-06,0.11668141588072975,-0.013784847980883131,-0.12473879965979826,-0.05659883386752236,-0.026565766144764878,0.033101069600817504,-0.09634043511404591,-0.023443729597031466,-0.016329051905759985
2010-07,0.0743241857677778,0.0426688955841594,0.010517022377252468,0.10828903945163998,0.06913320766217036,0.032087818740323196,0.07565040936201944,0.04726180508488074,0.03770681751191781
2010-08,0.014420801537029909,0.0603348042689637,0.008450779944761302,0.024610088350397907,0.054522499367050954,0.12185443546511043,0.007394033199117172,0.04312278501440496,-0.03174496650848474
2010-09,-0.0014144832505437975,0.01649886086985458,0.06194620518508055,0.049041689688955184,0.07198075028780773,-0.033389335466687015,0.060174059929791274,0.012947218816782465,0.02138659229962929
2010-10,0.034383688377731654,0.037681853249068184,0.06304413977619795,-0.023333170508234576,0.07985818297293501,0.021073555501024722,0.04999620308075827,-0.03591185494286209,0.06716603494580299
2010-11,-0.01981181287776793,0.04267178052580536,0.06048505110344205,0.003063590716941006,0.005592145011660556,-0.08828859381192083,-0.007125777137831785,-0.06459318170476828,-0.01984967302472488
2010-12,0.051194228767587495,0.05881951365009142,0.06416012293616837,0.061350491878196245,0.08794002063826102,0.0060416428834162645,0.060436081058437355,0.005864384836898077,0.041569229761691195
2011-01,0.012211426102278891,0.07487307892918142,-0.032514198699256584,0.002040998491685753,0.03110126940818232,-0.024250689739366872,0.03423039689388548,-0.038028624362012056,0.07622778577680145
2011-02,0.06567042648891311,0.09028378472357218,0.06816568027275215,0.08797389576255264,0.048852741358220875,0.05663907930352015,0.075009829155911,0.07384951278859513,0.06497043564179877
2011-03,0.00649078669162462,0.011960054814412986,-0.012594538142875474,-0.022984189802335044,-0.016838007469779696,-0.04259991858659763,-0.0679546141759704,-0.014661490196568644,-0.03178002441262326
2011-04,0.012113978682729098,0.010662357868569556,-0.009319247203860261,0.029845392492818385,0.031338409362613756,-0.03003911479322874,-0.004570867965847539,0.02883793120608394,-0.02286481531393446
2011-05,0.031603128786392765,-0.012076263076582753,-0.07361861861753688,0.03633849110770146,-0.007931744115060818,-0.11882197919386145,0.016181595154043035,-0.0038354414092444844,0.027143816310787727
2011-06,-0.01990716705454837,0.00022139565428845896,0.009950805659227624,-0.03202102730588832,0.0002843858618559711,-0.09823142590564896,-0.013000192867708923,-0.03429064065957292,0.009667413667199115
2011-07,0.018420266368964135,0.038627415878999614,0.00012951704842962107,-0.03065685081206109,0.027942278063888642,-0.013414376743728106,-0.02553814826541622,-0.024524208177073483,-0.1378042275765303
2011-08,-0.05258159623606233,-0.028127088365076176,-0.13071807526398427,-0.032485448340723304,-0.03966208434080125,-0.01967317448429288,-0.08610173853259012,-0.08758636953707788,-0.14017230344512616
2011-09,0.00882973756254776,0.10106329353693347,-0.11112687302051824,0.03718161241212065,-0.027805214099273747,-0.08561701436597595,-0.05003505750039406,-0.025297184325172743,-0.17067129667769038
2011-10,0.07994962557393523,0.09448327913744495,0.08825254991340567,0.07119832532340026,0.0477048490993828,0.14796374958459346,0.02836357129297728,0.1892928318298373,0.09312729385947129
2011-11,-0.004698215499490888,0.017666606920832374,-0.008986860131889296,-0.0015549995254425183,-0.006186296315826567,0.06500223556684266,-0.023163043774664667,-0.05018354543807314,0.046986697695830346
2011-12,-0.008881190511779425,-0.030363903921331453,-0.11549305235450168,-0.02485785563774622,-0.0483351688344792,-0.0790914628527707,-0.10556333433061099,-0.025365472254881737,-0.041568433909207975
2012-01,0.09719007165079974,0.06183015032799659,0.06768842648563247,0.06558309738481581,0.05783369688511208,0.02659586462757255,0.060172170945555416,0.014499472981548574,0.027657328281245643
2012-02,0.03808243538826433,0.06008262675239146,-0.00921727458913691,0.03950675516588123,0.027296792846693316,0.06681514901524006,0.13103486668957723,-0.002093204897532383,0.03512963504182587
2012-03,0.03068665828943893,0.040089208136732155,-0.013128648887009129,0.01869178266072547,0.040599524059635544,0.04631098272075595,-0.0024806724616732024,0.04156053611133755,-0.05427196010089244
2012-04,0.02952245158412424,0.0126221531315844,0.0009013793913488539,0.04460323420535358,0.026450162971267906,-0.008666167394323238,0.08175307625824024,0.029249959554910686,-0.0489275442410625
2012-05,-0.0025789140610850587,-0.020591480513363656,-0.07307784455796704,-0.034176609280177316,0.04288721881610269,0.04824828859582072,0.012811943105748203,-0.03110674086265682,-0.06901094046048883
2012-06,0.04128449872035498,0.009931467642424367,0.01832254050355961,-0.017371108783198606,0.0388119142950771,-0.08181242083658695,0.06735895413048301,-0.030203435894154192,-0.015544095236069774
2012-07,0.10692031474204958,0.09910255350875026,0.025167672010785225,0.05706061423765887,0.08095186111786694,-0.02008035217859799,0.05909126176550422,0.0044715500438340505,0.05903690142703255
2012-08,0.02940594336043354,-0.007059938081554916,-0.0014095071727344259,0.026006498899507586,0.03895213514262372,0.022369408844091866,0.07100943697141157,0.002599223149019075,0.04074187867864492
2012-09,0.04729876195093102,0.02655567468985751,0.03380432438910443,0.019148084189424618,0.009976209496500365,-0.005476569642678723,0.013285470217236126,0.010004111997367605,0.023260748828853723
2012-10,-0.021887730714783296,-0.032916394512326266,-0.06751157927144384,-0.03358269706162406,-0.04150497065497999,-0.030818416871415018,-0.03961728354394179,0.04965657172599843,0.0041688537197132215
2012-11,-0.0006343457953275045,0.017508567866293935,-0.052420844824656185,-0.0028172991043601426,-0.013138106383955185,-0.01603677133550663,0.024748613167504565,-0.05040403717497838,0.04898691215999662
2012-12,-0.003323103893846642,-0.017621890250361014,0.061869606331850326,-0.0037356253290962817,-0.011265590563770637,0.03115688756525085,-0.004236063913639745,-0.014634889892575536,-0.003719768869128973
2013-01,0.07277348057288786,0.026598827750411207,-0.0343318435239219,0.02750672919559785,0.06520385964364772,0.013072465730976968,0.0660988760046883,0.12125235070536847,0.0788788181988745
2013-02,-0.0026875862823206044,-0.011650761300038353,0.019462326919138025,0.0007577867131040701,-0.0054747016400405624,0.06572240855340081,0.019278156769226243,0.0035868836094379583,1.809493961074851e-05
2013-03,0.07949406807417547,0.02354776150508117,-0.01046645919184188,0.0723345538269745,0.08945016353489427,0.07079513782235883,0.006974404232368227,0.017325539307336803,-0.0032235752783067594
2013-04,0.042927291776706816,0.024208930085990604,-0.04256090464698794,0.08183984014703459,-0.022938458843211804,0.013019173812868413,0.011036761693709164,-0.04037803183045269,-0.047991007512475606
2013-05,0.029837657984336075,-0.03066657728412738,-0.052050825612390765,0.03472966239209995,0.0171550254428275,0.011313539853264037,0.05854132675347625,0.007905430629325246,0.0777058890473443
2013-06,-0.042841621523374486,-0.02617551285336798,0.018822695117283177,-0.06296906915366761,-0.04072403812916567,0.019483224609638795,0.04926557808531982,-0.05306817498319071,-0.024249381467678865
2013-07,0.052229020331244255,0.008726246083623428,-0.026235290663693726,-0.015848335227201752,0.03117078309339794,0.05884705207260416,0.019140460589433125,0.0394775396365854,0.009620859934123326
2013-08,0.04105259932792516,-0.013571447709639027,0.001902597377478942,-0.03795460640929934,-0.0009369962634950448,0.024215124832723478,-0.006678805152847074,0.009453009547060782,0.05587305099887731
2013-09,0.0266258526823908,0.00917669715930806,0.016602787363425072,-0.05241185749004661,0.10770573102598587,0.028535209489114848,0.013095336395558863,0.027544444319079354,-0.020840599749203232
2013-10,0.02859771512032396,0.008930814919698936,0.0674698815691291,0.03750296323803961,0.07662117017719682,0.12490752237030264,0.07956448420054918,0.04603552070902259,0.029878056243426137
2013-11,0.013125042589770857,-0.03291900453616669,-0.03422748957341909,0.03367171642898555,-0.02730385107348796,0.02251795049402681,0.0015574196392942003,0.00996499353843823,0.021020364592082768
2013-12,-0.031005452956841113,0.01820474805195545,-0.00324485324435603,0.01330034865090202,0.0235512703450183,0.05354294313814657,0.024917835818348374,0.011542906301067126,-0.047123561499659725
2014-01,0.055373709252052004,-0.05544053319152265,-0.08102059759470912,-0.009623523074465018,0.0017358998577389347,-0.10619660080819926,-0.00288638523793788,-0.05442045129340767,-0.06255513129672441
2014-02,0.04013195416078688,0.05377952341699006,0.03684897741863444,0.047743082699173336,0.03611892686165508,-0.014888889258567722,0.05665922901014005,0.031524600871056616,0.044088890904351016
2014-03,-0.02768169803461672,-0.010853775543932615,-0.07857686040447193,-0.02424964630464996,-0.08181358505373815,0.02894037622116596,-0.048348323205487605,-0.007518830233099663,0.03353451865032223
2014-04,-0.08459090058893128,-0.00361175970041044,-0.010126605634785036,-0.0018144764101788002,-0.0035439472378890665,0.031360041629239895,-0.01160488733624687,-0.01825712729571618,-0.016361086253779696
2014-05,-0.018910199340962257,-0.024679653934448233,0.008896154875198237,0.04037267628944773,-0.007920780696303184,0.05545881572480404,0.004708026972878445,-0.011103652934205196,-0.008601225927444714
2014-06,0.03612858336495249,-0.018999195356605495,0.06610644008040668,-0.0014299384670958051,-0.018475455246094383,0.010038858352530895,0.04204809781952098,0.01879057326544376,0.07587486441827826
2014-07,-0.05011398181556702,-0.029647102278680552,0.0351588013479542,-0.03319975366986954,-0.025175233727312413,0.06348339135679258,-0.010820568931348298,-0.05538239677129794,-0.01627982778534039
2014-08,-0.014286515623727531,0.02809910423812375,0.05177364892166723,0.025482059522595846,-0.008634941449860307,0.028771442054598542,-0.0011925732117308533,-0.012471096764230099,0.06538329665963434
2014-09,0.036497679262226954,-0.01757583933651699,-0.02250899199143182,0.0253821615180182,-0.04134832179133973,0.03619774131594398,0.014786285486839353,-0.03724089244414511,-0.07892479085340891
2014-10,0.0643320260704158,0.01868911847173672,0.06950147990512112,0.01571754054178301,-0.017133117933237848,-0.09763029855107096,-0.00849729890672296,0.013458017358808689,-0.05467829386748091
2014-11,0.03177088843941216,0.026600672308516517,-0.007958976565634004,0.00166798327379645,0.026892124959586452,0.03940299618304867,0.017246291964760293,-0.014185449540886769,-0.14771378716798536
2014-12,-0.050569943271551517,0.05411914838565783,-0.02128787614811073,-0.05764578049519992,-0.06369419086490645,-0.027763792190997387,-0.02933583750085214,-0.0074282053856023645,-0.018673404340218587
2015-01,-0.037810448979348425,-8.729032020632151e-05,0.08015495313655438,0.015539198303051192,-0.00440804418845917,-0.06863789747951603,0.006017761070131139,-0.03308348920346283,-0.04798057302572413
2015-02,0.043591920449071495,0.10291922576509355,0.10830223105727445,0.030725370885439737,0.06290919704785256,0.04800683383857514,0.08138458475808187,0.07613410582957209,0.035781883048251195
2015-03,0.02176141770163642,-0.08098630404194157,-0.03976585214904314,0.010150930916816736,-0.054097818300818175,0.009279130517865632,0.020930476403317386,0.001149192385084078,-0.02496500852582781
2015-04,-0.0011484438119419896,0.002123575643483821,0.009343345326648595,-0.0060132123681071944,0.019082283436967093,0.04039450441178788,-0.0038250605160397005,-0.029593639029846318,0.0820995231983703
2015-05,-0.011906120314191164,-0.04468981797953582,-0.05641704487014599,-0.061314187861740935,0.054405255448833185,0.07901061456263954,0.004139282686885597,-0.05091846657195494,-0.13604852747309765
2015-06,-0.000679480905308418,0.003487915117846197,-0.05887300542513901,-0.037325021158702246,-0.039161950546214165,-0.07872439822045281,-0.0180386552864395,-0.02228225714944986,-0.06882528683818408
2015-07,-0.005921323272063194,-0.034435168415659134,-0.08370996964423315,0.016098704769326296,-0.006190353382920009,-0.029418824017838248,0.009585799417093366,-0.004947704597740214,-0.2001688547936755
2015-08,-0.038673037585636984,-0.046626217153724975,0.04152061370167345,-0.04649641936737828,-0.07798401289369065,0.017896311790889425,-0.04933347771745613,-0.00226250492467524,-0.06653482247280378
2015-09,-0.07692744128456552,-0.062118525452219416,-0.029844250090362547,-0.06421190278983037,-0.04948239949825684,-0.0870878154208442,-0.016087495556020254,-0.005316149488360934,-0.08573198214437552
2015-10,0.04883076478812869,0.06781532908164077,0.013791638860304427,0.054941276913840785,0.04620544352242089,0.10344320891442153,0.0918031626610612,0.04468854062453137,0.16147302526566443
2015-11,0.02360833371658142,-0.006368899779764758,-0.04622932809898071,-0.046190729701595906,-0.025780596840665804,-0.12631982202907738,0.010150888922521983,0.009554489112956449,0.045443401072356386
2015-12,-0.015734632606928534,-0.07980915078595074,-0.12757216546932343,-0.05981929438662035,-0.09026240531692425,0.00047019535930511883,-0.01156779525310926,-0.07350918924574715,-0.20316075809469256
2016-01,-0.05089171233368439,0.01980791476658844,-0.11085071976759997,-0.017420805005508907,0.026532813521126762,-0.032880197821450144,0.004299424340003475,-0.06033893545234852,-0.24318470079812765
2016-02,0.06616107894176776,0.07479494678875906,0.18794151006963658,0.02151181659846164,0.04900600394509116,0.046785715581747996,0.0375112198293036,-0.02974042020833437,-0.19591320938676557
2016-03,0.10542848301697642,0.175341162049835,0.15081847426860523,0.1181888057376234,0.07406076886467697,0.05495256905855214,0.0859383849941488,0.12129716411599889,0.2921533502446935
2016-04,0.036738948534798005,0.1571414291672775,0.12139639009394969,0.060990042927173894,0.086374533003786,0.1020319933113176,0.04029420904082797,-0.0067772505340666245,0.23614593295523587
2016-05,0.037791688532432144,0.01171137656198001,-0.09590415710209987,0.009185563910334813,0.0387053662042719,0.059447541631148335,0.018837323698093125,0.058701866237814135,-0.12497614778804966
2016-06,0.02200589693656913,0.11833038467265718,0.09310956890163903,0.019359381091617524,0.04711820194492718,0.01356973745615527,0.03516288709694675,-0.04524855852134321,0.1179141796327052
2016-07,0.13469811898052114,0.02093408723449305,0.020935929279416853,-0.0042806575685869295,0.034342594645969976,0.0523274332855161,-0.03615214563712894,-0.027320975117113944,-0.08818218945830628
2016-08,0.00806728293596073,-0.01371776050765969,-0.03427315562038572,0.008453530632475195,0.035184793566746066,-0.0032001216786827365,-0.022843923262909644,-0.002380995738398906,0.05290093178712834
2016-09,0.02278645729259967,-0.022278921113794637,0.03859745625853755,0.0060644121805696295,-0.011707543517014266,-0.015534882410787971,-0.024969388631600184,0.009982227342098714,0.0522236758332356
2016-10,-0.050314875033844436,-0.028132721380749424,-0.039877459637291876,0.0025679953205197735,-0.027144885907640446,0.033123119454309596,-0.005919114726786059,-0.0506635409877835,-0.165516763635514
2016-11,-0.04620499590373999,0.0632203198737965,0.10858081278321749,-0.052633172668216655,-0.04850535822491602,-0.014249062805786807,-0.017656235267335816,0.009726535797890049,0.17660511894520264
2016-12,-0.03881442888519262,-0.039813366105225526,0.004645010299391267,-0.014439836012348209,-0.06433995944321914,0.054671323941540846,-0.023794663301588904,0.08500079581828726,-0.15268328168399264
2017-01,0.007315925896692969,-0.01803096055971621,0.07972127306557959,0.04252237796631757,0.07817514178465663,-0.014592973406796477,0.03389356960235275,-0.0038139027598158262,-0.06790134207750358
2017-02,0.17882393041111183,-0.006653838240266497,0.03523868638724925,0.0836472941883064,0.01990707076652484,0.07955794379520069,0.03331436076606723,0.0390696027346749,-0.08731362499728808
2017-03,0.08014320713468215,0.022136473813177706,-0.04177589023578551,0.04919579665297807,0.06059523385570239,-0.022996442851898325,0.007635266960365634,0.04010991106423084,-0.04687744809532732
2017-04,-0.022158983711553934,-0.013803547125479466,-0.07560037950995394,-0.0015966100146181236,-0.01601082852861319,-0.016863425907382153,-0.025344147845083407,-0.0012211855471996307,-0.07273038301797484
2017-05,0.05058662159960712,0.003960954537186496,0.008306649616178106,0.031171053787479024,0.010722772580525937,-0.028682101347828465,-0.0023093865546548313,0.005943045772029902,-0.14279279272872286
2017-06,-0.0022640675601107354,-0.023535875659727173,-0.022303370330545344,-0.010906032677112761,-0.03602057904679575,0.0020851247782898846,0.01526843949598503,0.053327172498088646,-0.07808568212788099
2017-07,0.015395707193399392,-0.018777645525751518,0.07025378549475159,-0.002562286911822747,0.010345393906912463,0.003601235660242389,0.038966020736579156,0.05214118723310851,-0.036241708425307835
2017-08,-0.030637651593159558,0.008442859098686053,0.061088354444059474,-0.0417619874849897,-0.008834734392426925,-0.025209041526583032,-0.030575684435740595,-0.06606904838136242,-0.07468362505684292
2017-09,0.0651727914542989,0.08459304568769173,0.004062143675368704,0.02940617301908707,-0.008232078166039675,0.035002756358962335,0.009005233117564989,0.001365581522877227,0.17784877793825393
2017-10,0.02661989322361057,-0.006373045116280875,-0.02573066493348034,-0.03819632166186216,-0.01327877844522645,0.007249069157673617,0.02338597712602076,0.0499213576816443,0.0781087664847713
2017-11,0.0055268287267020355,-0.02413206601421489,0.004912636982652969,-0.037062753140722444,0.054633763779079525,-0.01233103325154209,0.021421615691869556,-0.014705992895467073,0.06510814154202002
2017-12,0.008888592321294495,0.033657412981959074,0.025612034417361325,-0.049258788331291575,-0.011253470036793552,-0.023495624014130228,0.018183615127618596,-0.06451427385538838,0.07545979294775036
2018-01,-0.019799496967520144,0.006180556427141228,-0.029900081950479582,0.00293082701580474,-0.013776409503216732,0.05485417796144729,0.01726859729059479,-0.008650471559832017,0.04411014056417511
2018-02,0.013161048237599445,-0.07381782553223061,-0.019197240783913244,-0.018342957683454977,-0.04534478952625282,-0.04890635019397584,-0.03470657075584558,-0.06982366739287507,-0.12898087571196137
2018-03,-0.020873116065361498,0.00218189846482127,-0.04867882697530568,-0.06485569721774405,-0.06316270667662666,0.015073565471375812,-0.02678924958752271,-0.051636144268227324,0.052964106209693794
2018-04,0.006839626145548894,0.0527798169490614,-0.02719422276365646,0.004199334480246423,-0.00453150662189204,0.013999369129716253,-0.043654474845709036,-0.03626549989495629,0.08363507314976686
2018-05,0.053351690688233595,0.009147096095475623,0.0055201319668882936,0.022904043041661624,-0.05206428148748432,-0.0418639310472056,-0.005949993519463453,-0.044738591689550425,0.1929633258972941
2018-06,-0.04846215580488727,-0.06735547140645902,0.01981935114070089,-0.01600918931956554,-0.03709564384049154,0.033160198080856504,0.03770751387235717,-0.019944208371478887,-0.10451895853571057
2018-07,0.10865627231192107,0.011791873792514966,0.01916237631271605,0.03880164499440195,0.029373532564019204,-0.021557875857906743,-0.0004122821057978926,0.04652881310919022,0.020202802042982877
2018-08,-0.018747644125506755,-0.04921902847181818,-0.04387471556627685,0.015120225932520066,0.0005447445990369774,0.028585154101644996,0.005226797295144198,-0.05117933524087799,0.013920122618258484
2018-09,0.04360612289402602,-0.010267262141088238,-0.01831713724562476,0.02594482338678553,0.017134377575883944,-0.008502438891154722,-0.027112736853272347,0.014504698871115454,0.025620392500427656
2018-10,-0.007737850485491076,-0.06584970157519393,-0.07111177843978918,-0.03170943022184588,-0.1412545256859594,-0.09253628757819761,0.007348134618181022,-0.07287527927837578,-0.188414845632648
2018-11,0.06879574076052503,-0.05106695113094406,0.04224379387359126,0.06675362981848515,-0.071285501911809,-0.013178725931320712,-0.07863954853387688,0.07086086335557347,-0.12859554750881239
2018-12,-0.08337038645963468,-0.09462076904126583,-0.07362245665559711,-0.06932093018600127,-0.15320607142499715,-0.13368389036785583,-0.0983184055094013,-0.03159173608579162,-0.1613158853516216
2019-01,-0.08218710246402267,0.05016151758754913,0.14070077490800068,0.06723758657973367,0.03907780992044581,0.09032256273096012,0.13058780502646936,0.043399785286461816,0.1031440413124081
2019-02,0.09181968527629261,0.02109778644002576,0.008557703825118475,0.05230559237062612,-0.01831269329515106,-0.035241516662307015,-0.04238539587254938,0.05906108756097471,0.03853539825454195
2019-03,0.05430745159660576,-0.003694056931525401,-0.01993293347177455,-0.028117235033896234,-0.0724207079562459,0.0056281084710446535,-0.09321912322867822,-0.009482091557301705,-0.0226300000149032
2019-04,-0.05852755024642464,-0.02774605941724676,-0.033694338458407073,-0.07327425074182473,-0.012737784784376848,0.007631318949833102,-0.024869186715783403,0.036776868532756274,-0.07566591647777454
2019-05,0.013637333923932795,-0.026887397129313095,0.027152460433228942,0.008312829725232609,-0.03877875841190384,-0.07231120885109732,0.05593448341335171,0.042304628269588376,-0.074185960402986
2019-06,0.026921914782640128,-0.02515147613604789,0.006451381960409128,-0.02277704006811714,-0.005600060990082334,0.021275898803048556,0.01205245179042164,0.021035858103068742,-0.003047954271080401
2019-07,-0.023557907788598148,-0.08104729399685492,-0.00962905395760465,-0.04028700707426934,-0.001965794847700398,-0.004837073305976569,0.014891435428502546,0.01278504285066634,-0.01815930444897648
2019-08,-0.03419209767965517,-0.049061764440637035,-0.06876092388524242,-0.017020801090560315,-0.00573710304601868,-0.04895390074638612,-0.04314351773433719,-0.053243884496738246,-0.15546739606144735
2019-09,-0.02720830980858927,-0.016726591109022124,0.032281988299812096,0.022342096510114456,0.014055187690575439,0.03899407409762643,0.011025905351924681,0.026744556898871584,0.012746367763844807
2019-10,0.02061156728183055,0.00022411101858710165,-0.025907222146366995,0.024688842934877685,0.004587363069665124,5.715307830447121e-05,-0.006667728168110966,-0.03972715200329756,-0.03595238646031536
2019-11,0.015069908608735834,-0.02887705537529344,0.018140256865414428,0.01970039693413604,-0.004743378032518303,0.007062186228980715,-0.042469929094939726,-0.00891336303227759,0.00798705167646543
2019-12,0.0008603824985093242,-0.039167986661336265,0.0016082774731457745,0.015374340577910489,-0.00434864891576539,0.0457861441458018,0.00792396270549624,-0.020793818277906165,0.12098753880110936
2020-01,-0.036354911853903216,-0.02107072609111144,-0.009110660977896071,-0.006479043283916269,0.008197615167910876,-0.06062574322834288,-0.033562636144957664,0.013647745490194924,-0.1033980087387188
2020-02,-0.04433790883460911,-0.04531567610202363,-0.04441117249901986,-0.008682614303238658,-0.023379457598561894,-0.10520674643788307,-0.07831536576588222,-0.04444920104286652,-0.18643542905521585
2020-03,0.333624529828584,-0.2792527441144798,0.16127869686313376,0.2880415501342744,0.057953509816637445,0.16267526302641316,0.002972373869271706,-0.06369464664125248,-0.5278188937802124
2020-04,0.05031645402690819,-0.08452284432578408,-0.09462411824244331,0.0070401630158090115,-0.055459795245799505,-0.01577244831590878,-0.12190251212474426,-0.09251329108175183,0.17482508352487028
2020-05,-0.03035501052978398,-0.14934874165965983,0.008805969205748906,0.0029431796755306494,-0.03487951500934749,-0.01592467000085794,-0.07197486882007423,-0.07368987073634913,-0.19918044622995063
2020-06,-0.04816870075679166,-0.03593992435176948,-0.0063977063310813025,-0.07232100695875865,-0.03362909806669509,0.004169939972435313,-0.03033604032703362,0.0004733493976536009,0.03727530631186465
2020-07,-0.05289287222354171,-0.09724622433794923,0.060699486057632965,-0.03924039233497627,-0.003436726781816256,0.03235298977796352,-0.009066700263814231,0.009952581872397592,-0.12024807608656123
2020-08,-0.07388745430683352,-0.08124908383467143,-0.05519963249969282,-0.02747435865991323,-0.052740178416425754,0.02989035200998329,0.028055255351459255,-0.05527132300950353,-0.05092728744923166
2020-09,-0.04956550805872085,-0.1828616980820225,-0.07575660767924655,-0.1084229956807291,-0.07817959133532354,0.04059808145088925,-0.07870003556576802,-0.06047266910165427,-0.16640541098553813
2020-10,-0.11251704295076176,0.028860563952505084,0.007337426751691766,-0.0895647116272042,0.06177418263886057,0.03475806192003216,0.033387662734837426,-0.010138712657613022,0.08465434595317803
2020-11,-0.002299398401994267,-0.020106708699454905,0.018852844589578248,-0.04464501100535556,0.01743414832882977,-0.03193787263675817,0.05079014940078791,0.04899568600803483,0.16685690885916798
2020-12,-0.0822254383801231,-0.052439619403562024,0.052007526386216675,-0.05001944245129385,-0.050734706508992845,-0.018562430503054797,0.00490650904359285,0.08883821320533439,0.019088961440753626
2021-01,-0.04945995345505263,0.057557600154139375,0.03769747781950201,0.022186934944485977,0.026969576596731597,-0.01041421940680228,0.021468221783972015,-0.0030813901955792727,0.017788460084579676
2021-02,-0.08568734384814147,0.10767432092808614,0.042597523295342075,-0.05723406200582275,0.019177417405217754,0.08119432893232004,0.027646874340416273,0.022125028249328854,0.30691591135493285
2021-03,0.013988719313819618,0.015809923493741405,0.03189737528423184,0.057382153469202425,0.0384661143492999,-0.010866940348062818,0.02952586625469978,0.01438075384205761,-0.08602739681382733
2021-04,-0.0785464314368899,-0.015338814862833198,0.0655612390492726,0.0043285173360269194,-0.02323847673789889,0.04989251951228123,0.05856268455472634,0.02269094534200778,0.021132150479361674
2021-05,0.04003514704412645,0.04610341186969214,0.06362096185553258,0.048865853842037565,0.048296869633228885,0.023600520931224393,0.020312515670719643,0.026537535988226852,0.07439495063090762
2021-06,-0.0043209871156741405,-0.012244824708663402,-0.04856005536492589,-0.025383554038290675,-0.01788187569282825,-0.10574436461905926,-0.016997671499491038,-0.06528296569303098,-0.014228799648552667
2021-07,-0.04360238490532919,-0.04743116348800997,0.058834801819988555,0.043291271541779905,0.05343541765242635,-0.03223439458218412,0.005002954348523011,0.0017977677522149171,-0.1314012129571805
2021-08,0.013626081211615773,-0.013807152428718201,0.04369731754790273,0.02330217678181251,0.07026161426707364,0.005982855754110045,0.050418097774726764,0.03996502584634165,0.05093434037833777
2021-09,-0.03538303719196127,-0.05734145540334913,-0.05148973153513516,-0.029419050691458216,-0.05960813663528861,-0.016601120156752067,-0.07859831118212351,-0.0826351799236862,0.05147007518864173
2021-10,0.01710389745660945,0.017282851814151793,0.006157166613308144,0.051428334861685195,-0.04083295918579446,0.026691097230587393,0.033619653372575685,0.031046306065510343,0.07889476512333678
2021-11,-0.0594567654441822,0.0033932231541260235,0.041283610623589755,0.005067490508870564,-0.013199488838871542,-0.027144308383012447,-0.030473226154561793,-0.053192612765060175,0.01726332095326043
2021-12,0.05595950996713099,-0.0609670219497024,0.0056898319306962555,0.05869699724910448,-0.013885230096600561,0.033220024760708115,-0.0033486920599576893,0.02621419430224027,0.011996866409932708
2022-01,0.08456246891578764,0.05626961962423099,0.024209264487663917,0.027709828102725795,-0.015283144154027243,0.07981274844581526,-0.05327156361559206,-0.00534220551993775,0.05797651412138333
2022-02,0.04276763344911283,0.02884989486190771,0.14946408117917448,-0.023349769258267743,0.017992742436043336,0.06509264110171659,0.0036549447280034065,0.06830817897454419,0.0969401849938145
2022-03,0.0955208974772499,-0.05683494729635423,0.091802294749144,0.012134351141885038,0.02503962055582044,0.0793859789861307,-0.11105470984558712,0.005341968030874872,0.15052225334117056
2022-04,0.05172873784305196,-0.03754637357264636,-0.0793957451382931,0.04784665229032339,-0.022801935188864655,-0.09431644781172344,-0.03171665064170955,-0.025136467780984155,-0.08984399708855663
2022-05,0.09976319991671972,0.0428755491514496,-0.00825244972153176,-0.00807172408924924,0.012505640108022525,-0.019727205460188683,-0.05815134017423811,0.02146782901835248,0.07682925192537161
2022-06,0.04872593350772146,-0.08588937473191208,-0.008906342141844456,-0.012765217400197043,-0.061528380074204206,-0.12353473783580576,-0.07189147062268841,0.040540685074400465,-0.23074696197146854
2022-07,0.10251541303879938,0.07524798945939719,0.07332630314820703,-0.020383797468123965,0.02496178278997196,0.058911712107033186,0.12814822296952155,-0.05522663225618647,0.11048228990002543
2022-08,-0.10077778554198624,0.021712014096499716,0.022962038386133095,-0.05144084284207021,-0.05493038919297524,0.09999366847604871,-0.045531100484520304,-0.07176465161340087,0.13933302210445592
2022-09,-0.045494236332246196,-0.025792722537567873,0.06890070012262485,-0.011295859483980932,-0.012980923592977046,-0.06273934352641136,-0.03399500709711643,-0.037659354919713055,-0.06674551261746614
2022-10,0.04290846831310437,0.12033778985584109,0.12204583146159338,0.07467672972940206,0.036436335875751784,0.1334175816526184,0.06829721020170311,0.1272944303292262,0.22530130309588592
2022-11,0.0040962394520866596,-0.03479702724483337,0.03299839223613875,-0.017950372677723692,-0.04922702817459318,-0.034255147775642245,0.05213096836247377,-0.025348009374859003,0.0268102570681737
2022-12,-0.002418065482818322,-0.11613824567343078,-0.0448348781055747,0.046455655083650495,-0.14479518948660497,-0.06751453718573408,-0.05560945991375472,0.01918794068792262,-0.19330179710515094
2023-01,-0.03799313236303159,0.1437171877275912,0.0528404436864907,0.0019068524232085501,0.09660031668834783,-0.10846612474376408,0.12013793562461858,0.017963746683796255,-0.07565600725592382
2023-02,-0.027893115762748433,0.008857775303856924,0.010502687600301217,-0.02939478326928709,0.05183395357577547,-0.03914608631959319,0.04789797343759051,0.05611015593632238,-0.053740691819111196
2023-03,0.01552948687139588,0.05137089774455527,-0.01030456257777781,0.028897854379719486,-0.04126699280587627,-0.02376259275517396,0.06772533595005878,-0.11155339633356162,0.03394049683510796
2023-04,-0.022111190439507454,0.028671341506015673,-0.052622910576142885,-0.04441379981857984,0.009491677725294209,0.007626541905315414,0.010850308429330111,0.001299866579733664,-0.028149988845893394
2023-05,-0.0210443745318843,-0.036191901285023316,-0.08128846935196571,-0.031073445736859964,-0.09107156155977,-0.08105693655445215,-0.011991273791823966,-0.01487534986299795,-0.05438869171025751
2023-06,-0.00580319958241837,0.07854991137282805,0.03467261025003002,0.045425847301523346,0.07081041802648494,0.04889000031883999,0.09394321585477024,0.009242206684109928,0.0035595542953497806
2023-07,-0.02021199798822934,-0.010718042690599396,0.022009296142863004,-0.030459235083290036,0.01198758419439522,0.06437443980442285,0.050299927863493674,0.029304462947010338,0.10206795835067904
2023-08,0.04010366520226172,0.01694235225939091,0.017268762394583262,0.03631082600139593,-0.013095550584910645,-0.05391068831119911,-3.180654798241113e-05,0.01360470548260043,0.008229535442193231
2023-09,-0.057280462180216284,-0.01753244031079851,-0.06381767069798326,-0.022854842004086523,-0.013566564398494314,-0.07470643853172017,-0.031024725045790364,-0.01664514000640062,-0.07937467485378141
2023-10,-0.003883703854340707,-0.016243683399594068,-0.026644143415683164,-0.0461548004437369,-0.04694045386601287,-0.0363185778333746,0.008998188047459818,-0.010512972876628047,-0.0034729143496508618
2023-11,0.0074922359725290814,-0.008415679727478847,-0.007368771808153146,0.016163118911687365,-0.007149785671142556,0.011571928777632993,0.0023061360720639645,0.05283905260734653,-0.02750562040299214
2023-12,-0.059967152830648573,-0.05173529671707114,-0.003596587603335298,0.02243049554541539,-0.06374508737284988,-0.004548065511623424,0.027803013544794638,0.004193457263444307,-0.0663915316383468
2024-01,0.0212090807831451,-0.027120016011425035,-0.044842680544562495,0.006116117735962908,0.01223015648142971,-0.11566269577376781,0.039494756571963,-0.001813832272001632,-0.04063203565783684
2024-02,0.07962289271694446,0.004146640086719143,-0.017884123179388145,-0.005655269766645514,0.035309707734958715,-0.016452347912945142,-0.010027358517252293,0.005825717058555225,0.06265703779662103
2024-03,0.010045704709772405,0.013528673180736665,-0.00977207168928783,0.03143917700381787,-0.07123648291603825,0.08647048048725714,0.05627852581234237,0.03553535862581277,0.12745253586661492
2024-04,-0.026150165360851317,0.03014125197039966,-0.053283028996091136,-0.03258040587903482,-0.05633511543536307,-0.06466637201897324,0.04771179873958559,-0.043117210802768625,-0.05759450963389108
2024-05,0.004461504508600186,-0.005565839547245998,-0.026657517827110924,0.0008093377270994678,0.004990236453516832,0.06259979181124714,-0.04791740399066135,0.04020215601306343,-0.0663271183399246
2024-06,8.838232242959118e-06,-0.043172871105535006,0.026786621297264886,-0.056201415025660145,-0.03103552572148207,0.012990270126808694,0.015611762141877879,0.011206982515797896,-0.019895794165596063
2024-07,-0.01398797222612733,-0.02382281459480209,0.013740001768258327,0.002174121066426127,0.0561004774455941,0.06769665083874586,0.03635228553075991,0.016667230959490284,-0.03201772045896548
2024-08,0.10204603794107453,0.060037741506686136,0.010658876117035272,0.1279999977636213,-0.00039430762427602155,-0.01547642921993675,-0.0022448492374775118,0.026589925889368357,0.01970838968357667
2024-09,-0.0610277821749436,-0.04505078019268067,-0.02705292170201215,-0.03931354700744753,-0.005543381054276446,-0.02113188509558571,-0.018639820733445275,-0.07798006438606207,-0.06284730531787466
