Date,ADS.DE,ALV.DE,BAS.DE,BAYN.DE,BMW.DE,CBK.DE,CON.DE,DBK.DE,DTE.DE,MBG.DE,MUV2.DE,RWE.DE,SAP.DE,SIE.DE
1998-06,-0.05013121902080877,0.010882476412883325,0.009531443889406702,0.032503048121456234,0.010159133122910866,-0.03202679863687604,-0.03609567819278044,0.01310208047262421,0.008561808950501702,0.018114830382387384,-0.0032528366125703983,-0.04887271800054507,0.02762556661456328,-0.05274212239793093
1998-07,-0.2096783063049959,0.030885845810664118,-0.07848580375274693,-0.12993338789876457,-0.052508470583659275,-0.03350881316595531,-0.04345870759742533,-0.10013805801832769,0.12728535343986896,-0.06070676057444589,-0.06534267398340621,-0.0931641383750489,0.05256233672726189,0.2678641580054091
1998-08,-0.21348878000632102,-0.13397712066127132,-0.16952121163536116,-0.19925642105188868,-0.14910603987651116,-0.2582428383558792,-0.21615745840933073,-0.16700049932923883,-0.10981326883691063,-0.11625688082827546,-0.14207326783284668,-0.099881508377855,-0.12342047801835879,-0.0697519668185831
1998-09,-0.2188628240094717,-0.04625461801946402,-0.20939078221961596,-0.05230495853821829,-0.12411802592122023,-0.2176714483480869,-0.21636863207651316,-0.13857274125815516,0.11646735943069216,-0.21190934605378436,-0.03242267631441388,-0.044112853233580836,-0.1141649224050002,-0.20208849963872574
1998-10,-0.03226691196028738,-0.12871894847944637,-0.03162263850229213,-0.07139053275503968,0.11325594197760373,0.0323965515555576,-0.1256472014137867,0.03735816270762522,-0.06964579313805225,-0.16775422680315574,-0.04141621234524127,0.16721356791550518,-0.15682515358577395,-0.02712336086566695
1998-11,-0.08363952751207927,-0.03387861194407822,-0.193381040321132,-0.044994785276878356,-0.04428744883745539,-0.08722855668955946,-0.17204262916821988,-0.10122881960917013,0.04636873948879423,0.1219462579766446,-0.08129923966323574,0.010041109343285693,-0.024967491634104763,0.1356294832433198
1998-12,0.21071537855601138,0.1708582327421342,0.05366028555380909,-0.002345651528589997,0.22520619025696767,0.03091367415500171,0.1584582442028003,0.060797746700922965,0.32069455091365145,0.10188752826265657,0.06409680996958021,0.056278559373563415,0.1410594094338853,-0.050878221761873704
1999-01,-0.145725507676831,0.005781273773495652,-0.09232219700860496,-0.05293019418515746,0.03927086839343606,-0.06199438673739212,0.0007834712147475338,0.050234647707167956,0.47005475998880186,0.04330731932717288,-0.04874732897377378,-0.05378808038371664,-0.16599085851657414,0.10499731418891642
1999-02,0.08414671595753516,-0.24086978699935405,-0.032702537435796354,-0.1308388888720945,0.07554660173604073,-0.11180787595907771,-0.009226702975662839,-0.05970811143262166,-0.021627433004549335,-0.06509571243135794,-0.18505469999410576,-0.08590174846736584,-0.01998070216723324,-0.1324350789783986
1999-03,-0.0412595531349521,-0.21146560326117608,-0.0836683640914621,-0.11478862437209715,-0.09560538896889828,-0.04467122051768005,-0.2755535086230256,-0.17618507048735835,-0.19712796988302123,-0.185661114448889,-0.26137778200580347,-0.19183288887633065,-0.20761540247930838,-0.07430361982074456
1999-04,-0.09363725179642926,0.025361690975671314,0.3152586446556561,0.05563625608978233,0.05753438310530416,0.08739158547007646,-0.06828274085006708,0.026561221293644435,-0.11111100506427235,0.07787192053568867,-0.06011657813797776,-0.007898606703917193,-0.0031743667231233868,0.06539650221902563
1999-05,-0.027535055275623464,-0.044085899753633494,0.027842808952484876,0.06892938202638715,0.022358085273145572,0.08267962628501935,-0.07558601440594989,-0.0029597665790769096,-0.043924977862941694,0.02413496451836729,-0.11277397980654282,-0.030438840224520543,0.009517513351736354,0.010314520828075494
1999-06,0.019542413209782755,-0.07507442956495124,-0.005440232639193502,-0.033878062543493244,-0.06740737893652216,-0.04319713385438596,-0.08870786125532348,-0.0384413716640986,-0.01960265586208901,-0.02977775846648767,-0.048020609838113675,-0.04801925497796521,-0.044219514490501675,-0.06161749556883368
1999-07,-0.05288322143543387,-0.037917412754331505,0.01602304453685674,-0.030813715120520578,-0.049426656183479384,0.035184788222102824,-0.11443118893282551,-0.04219495703219211,-0.025927856513512898,-0.037094782010137294,0.0062096075377053314,-0.07283789129200105,0.09095072736201615,-0.0685949510359634
1999-08,-0.025662299515034247,-0.010742700499475344,0.044610183524056435,0.04656002670300374,-0.06397881140737335,-0.01581421651248313,-0.08374272634290866,-0.03546429562949418,0.020791338961574892,-0.03302833265410732,-0.0820950630992712,-0.04812378621235449,0.031251495538159584,-0.006492536659446004
1999-09,-0.048560003831747994,-0.014893775667012565,0.01593221237881525,-0.06494800775390494,-0.05153589582395915,0.003405676080663638,-0.06045404051012468,-0.011340182118472143,0.055099308759550804,-0.022142762192140262,-0.03615657033272948,-0.05074710705157483,-0.0032146021021449093,-0.01534251460124182
1999-10,0.031146248106705014,0.04483420238429812,-0.008265324207432154,-0.018950671060025306,-0.004693520455358436,0.011414650517806905,-0.05479113680814679,0.03028550935439576,0.07263195617728986,-0.007188007969975413,0.03451802190985815,-0.06937880333380043,0.1656481908429722,-0.018792598288515396
1999-11,-0.04395932641623067,0.007071597625226534,0.0217620508979793,-0.027136529714562915,-0.06867095028599104,0.022126333259759837,-0.1058923923650323,0.05957613083474393,0.14690977452566417,0.009365041502663625,0.023988803610136392,-0.07031582202263205,0.06887164388575527,0.023486387787917958
1999-12,0.0950272607068184,-0.07098689217158587,-0.0022075683914857024,-0.06291000947973965,-0.04694910984309685,-0.02153428932462404,-0.15102601740876992,-0.08840692138385202,0.0008531328187599849,-0.06582799778818293,-0.07629720544443548,-0.04214896692162229,-0.02986333154966612,-0.03844798523357286
2000-01,-0.19390861425948608,-0.02571996737008406,-0.08511507751753777,-0.140032039318017,-0.22430199749002722,0.009208540696546724,-0.2722712358367507,-0.03889515659328045,0.17557609673027866,-0.16701604126947572,0.07155491792428254,-0.15665274030553716,0.1904949110785857,0.029318575640239267
2000-02,-0.1998762518655906,0.05666599406772251,0.0015270321728133446,0.06464041060973064,-0.1155365402322322,0.10742059425060636,-0.005247618402649769,0.10652806181076774,0.14390361465930798,0.07404804310103703,0.024775528555856373,-0.018994974087073777,0.17723250430533993,0.17977168275172623
2000-03,-0.038296721012843205,0.023909789641525427,0.025775010393901482,-0.02775506960543013,0.008899966096957639,-0.0818415477261473,-0.004893156071110948,-0.2756145790220415,5.656862317031839e-06,-0.06119681523711614,0.011133602370334644,0.0068698786963031005,-0.0671624059547418,-0.22694354141523163
2000-04,0.2537153877294117,-0.007246709529657973,0.027404078384577674,-0.05043444633584641,-0.11858488839820759,0.030098151152406823,0.0041401801621770255,0.03825805369722216,-0.14052029289718243,-0.018109207577343297,0.04917692176652846,-0.0352808640177341,-0.13742596634815946,-0.006143929595466261
2000-05,0.02947503094560699,-0.10583401932099747,-0.11269032665777393,-0.07552697411685289,0.09749989914240834,-0.03159468742554977,-0.12396242278677325,0.045460223154704646,-0.06533323253209158,-0.07670426425879585,0.00948295136895186,0.10073715799273855,-0.2226537956573204,0.02963184237719065
2000-06,-0.11617342037887644,-0.02105702007200473,-0.15345993327553514,-0.07609704254054696,-0.14408597813780133,-0.1100178745584105,-0.1611352671705085,0.02698833454478542,-0.06789597251877928,-0.11528117234813405,-0.053950188393982135,-0.052661828920392235,-0.00020407770551285527,-0.07913539962580958
2000-07,0.024452583992261086,0.04759017046964757,-0.018921496258969057,0.030336942748428547,0.20443330528715425,0.03756675465511953,0.015429738575794383,0.1046719607614942,-0.177597971679504,0.009160003886285786,0.07406802346827406,0.059674709382706075,0.01109808799816852,0.0074181275283135345
2000-08,0.039206543404418814,-0.12491849034350486,-0.1204755567734793,0.017477448371109,-0.15280864869801802,-0.03757305861736371,-0.015198414155349008,0.026001205271653102,-0.1601474109599405,-0.036520880604991895,-0.143667309340491,0.04911783188833314,0.02818743070181399,0.02145292785908977
2000-09,0.06311682872041884,-0.00532513366359715,-0.052684100782295386,-0.11524903465041568,0.13520060260965827,-0.06777228105249267,-0.051136050182886195,-0.025725925734119165,-0.11156429698853458,-0.09273698515198887,0.2075218459406237,-0.015396538400585254,0.16276844154822562,-0.06193316694594405
2000-10,0.03866628313961177,0.01646716853617441,0.13030393425076414,0.11223797401868178,0.07003856801857838,-0.0261108904305605,-0.08137717010189255,-0.09869588631864055,-0.07922873079503019,-0.02337056689575141,0.05366052228347387,0.18614100592411634,-0.0033483213873045916,-0.013744779704562884
2000-11,0.17220042522563964,0.027710114194624408,-0.005426320110852063,-0.02328149918301327,-0.19468435958749483,-0.10448554863804074,-0.12457353980325352,-0.14664178112563647,-0.2000174374576894,-0.13116336204506504,0.012346284176336467,0.0688511721573531,-0.41084746605952793,-0.14480339829858324
2000-12,0.06728999483164783,-0.016889475264801806,0.05370390706807747,0.1039011347380583,0.0710314582457052,0.10312802850157343,-0.0028569444417375998,0.0814775737678834,-0.1379886489770953,0.0085584013845339,0.059469901142952114,0.041016646234258596,-0.15131038139812006,0.0018581112497214123
2001-01,0.18970771678856202,-0.09707886711951243,-0.051401447598139145,-0.09139071659679572,0.010044886652809932,0.0004757007177388499,0.03348646168593994,0.08353558200481034,0.007168714325427517,0.21556383575713436,-0.1342796865409701,-0.12046496235197952,0.14269623393173275,0.056669611720841645
2001-02,-0.11318011840015918,-0.06573522683298555,0.02208378243087331,-0.03441124020234948,-0.022161150515942793,-0.13304772635798312,0.06469490037184354,-0.07617563505137677,-0.24346094965310866,0.053530017887852964,-0.010561571691973243,-0.03420217874030899,-0.16381803303779374,-0.15236018390588627
2001-03,-0.03866192545831709,-0.12760412301157376,-0.05553519455254904,-0.07660944706341723,-0.062968946387234,0.09765392785720216,0.0014181609000772715,-0.04840782109676556,-0.02334940069204373,-0.06122734896631094,-0.05967173462345005,-0.03849132629724868,-0.12981837194459092,-0.09935142029644571
2001-04,0.13095600242891806,-0.04371350269231224,0.13005628625021323,0.03306390213539395,0.06884881209928592,0.0346090319391573,-0.0879527468716571,0.026425515431306765,0.029805792029136375,0.18355606685191686,-0.014114764970682567,-0.0044812157513280364,0.280235678546715,0.09201813599280863
2001-05,0.06445119897007796,0.029563566322285274,-0.0065966616108699356,-0.0396922616096065,0.05148528740809326,-0.016720418458319508,0.004795944901494208,-0.03098733747090735,-0.18438804150294047,-0.009922000455369352,0.02951030949145129,-0.07161517658119643,-0.16785262094620249,-0.022651287027046097
2001-06,0.026654079767269606,0.021772596009785095,0.04284880414923572,0.01748827147790295,-0.07919622717237546,0.01916357919111325,-0.005403730392314,-0.06355908494276455,0.10256386513351398,0.025536250257652052,-0.0380836190598613,0.07639739263461802,-0.09875325582585347,-0.10042690708126006
2001-07,0.07410483939902174,-0.06864332910539218,0.004594164656996935,0.009215150414983787,0.041761075767266384,-0.10914037055098566,0.005280183414072263,-0.06834802268189448,-0.017883421503673134,0.06712554616080034,0.04923078478589394,0.003222873847558958,-0.07360963138899314,-0.03882810149308108
2001-08,-0.08369078440154679,-0.04299552080945326,0.05585570857998146,-0.1671796921784241,-0.16158428818186582,-0.004803524366291236,0.014847300327468439,0.0037987141945408985,-0.32250800780953703,-0.1538489722520658,-0.0656749336017591,-0.05065604827661207,-0.09942192031466612,-0.12699628131408489
2001-09,-0.26206983372235093,-0.226253487585682,-0.2266437303403325,-0.2119445957936382,-0.30834693813921976,-0.4247439488458882,-0.4424838172287809,-0.30083648323263923,-0.1416885695432019,-0.4039510772543442,-0.11467954363936793,-0.10796792020533238,-0.2927114127016873,-0.3098698493870546
2001-10,0.07568121382664275,0.08945942259989222,0.11108873293895054,0.08943562674144705,0.14588008869153085,0.02356210324269586,-0.03423914055564107,0.0505634868995949,-0.0033446292703178545,0.1502478924239979,0.07744192487017787,-0.013515427006882538,0.11836514919985831,0.2926789723053207
2001-11,0.10540778290285989,-0.010572240682725637,0.1696941057374387,0.11023897203001827,0.08149188182414213,0.0690207265032248,0.14452297199716943,0.11329720427008075,0.0868468872780715,0.08394203051846925,0.06550155326656745,-0.056713605339494495,0.1401588703741371,0.1838376285918327
2001-12,0.16381429778147572,-0.032960217939154796,-0.011431554269914138,-0.033179066366096424,0.007179362765004491,-0.09308738478496928,0.08441749995642413,0.057120754974425286,0.021166163342399593,-0.016210967422277463,0.0201973893025027,-0.06604645284214034,0.05411843381625887,0.06861789270125407
2002-01,-0.07975485899366076,0.006448958141828929,0.0953049555462972,0.11413502481863762,0.1972423291271551,0.05415539858792689,0.09453887038652062,-0.012747953600436413,-0.05205142083320581,0.007705467032182388,-0.02709223801605462,-0.029350789267591566,0.05899356676483354,-0.05074902021212964
2002-02,-0.029279009971753738,-0.01901865258822958,0.005048658399430913,-0.0035557542895340104,0.03560740426380976,-0.005901955996301865,0.05825423086967202,-0.056179475275434404,-0.0699003657548538,0.007966330632738633,0.01745140029178889,-0.05876987334219201,-0.010966060230255118,-0.033959367542442324
2002-03,0.16542416881955718,0.049886537192109406,0.04678743148904739,0.0418491358543678,0.06872943748540684,0.09920026578211845,0.03953458524573291,0.07242098031966077,0.060775922090584564,0.12164807515425846,0.00056243148261756,0.03747936874795246,0.08485276746326245,0.10487751713570122
2002-04,-0.09030247031281494,-0.05701472745398114,0.014513494506384547,-0.027070339031115206,-0.05283039344517558,-0.05059487859338105,0.12467011206695292,0.01435522396431793,-0.15077202475965742,0.00731918334949271,-0.04344060094909984,-0.016719672243506394,-0.16079410423264157,-0.15317836571049648
2002-05,0.2767694014102299,-0.08666951079673313,0.0730224113520593,-0.08503320083426505,0.056164827134198826,-0.03445744406622422,0.05652219211249873,0.07151517737712834,-0.2656344959647437,0.013659540863467637,-0.08820987569957388,-0.04627548027545245,-0.18737388737756558,-0.07805757316722833
2002-06,-0.02039028728321706,-0.10538994811049669,-0.042029224578978404,-0.009260626753054698,-0.13085152962748392,-0.1937545387204283,-0.03762895253845278,-0.06451397599495541,-0.19417694147081818,-0.03251131877644781,-0.005236364133191566,0.017833086407359908,-0.23015786475454814,-0.029604612894545274
2002-07,-0.14350092236770468,-0.2766539249504977,-0.17601205813517876,-0.24360010769815285,-0.11235880978093414,-0.22619278104936236,0.07338673561350764,-0.15213870465959717,0.22834198618468537,-0.12364224288477121,-0.16286986116568136,-0.20461888889587043,-0.15768105094028972,-0.12650290932374167
2002-08,-0.11786442021356915,0.08775988027606417,0.05567544418907857,0.006907895967165674,0.03328477810906081,-0.044450933671886565,-0.01330683075407856,0.15291722917603073,-0.01918067077557281,0.0987054344193058,-0.018704428562386022,0.06906000580847055,0.120860540053359,0.06352198286003567
2002-09,-0.014145014594334492,-0.37810958136779105,-0.10201959271503847,-0.26794468772636404,-0.1583320416583632,-0.41148288101882685,-0.20048071921995786,-0.23595541779127455,-0.23200712344759702,-0.29228459041218185,-0.40513249808245766,-0.15497943507260986,-0.3237316785323052,-0.2832350830584856
2002-10,0.24458363404133104,0.2184427351605591,0.07710268281072079,0.10999163903778239,0.027298067894252823,-0.10859777958539683,0.006510741785136893,0.12561220484512392,0.4730505366476959,0.006430306018967674,0.26329547782784174,0.07180604646908034,0.37197270915652814,0.402222167629823
2002-11,0.12590673256691035,0.019801006233432835,0.01060333956089577,0.12368538086345544,-0.10997233416106199,0.10699078903417325,0.0649755401089918,0.15144120854926216,0.05431064585166255,0.03868606388969206,0.06399264425004694,-0.07701882626141303,0.07444627290680571,0.07202744171157573
2002-12,0.005912313594062892,-0.18877425910113557,-0.0932305515202774,-0.12548994203356395,-0.2318431896358623,-0.1713129334241298,-0.013756563856948309,-0.10836465548304941,-0.0510646634440879,-0.227198770940739,-0.2052269368650968,-0.11181676864970869,-0.13204990336843653,-0.18699042892953321
2003-01,-0.10289643472478822,-0.22959659914665773,-0.07185015559012566,-0.20072623968659928,-0.14303610078933482,-0.20504263369838063,-0.010561924460574818,-0.12358606648940336,-0.08213279209256262,-0.07611915967729806,-0.24483935947018393,-0.026433105343550044,0.036928421827987105,-0.08182429186670671
2003-02,0.02227937258226994,-0.09984080485016893,-0.026555708673188263,-0.2746475107029207,-0.05169472252608539,-0.1066701675485185,0.01671811464862265,-0.04990702781985769,-0.08145773909304944,-0.00048312567343196334,-0.048570372483739715,-0.19935864381979543,-0.12076380898072143,-0.03371940745312655
2003-03,0.13239244236964046,-0.22736711656470168,-0.008481334968074697,-0.011796223240612391,-0.00543524966193519,0.10986574871613314,-0.11756870658682318,0.09721806253402558,-0.01831530848390293,-0.025497079119383162,-0.25381528943608334,0.09180298199064535,0.020182119312580855,0.07363747250893153
2003-04,0.030202606127803965,0.2151378903843249,0.12772492282300774,0.14433386915910912,0.08177723679279372,0.24588029077786114,0.11351481058907405,0.13986695077591402,0.07872437137314424,0.030085717710295928,0.4348172427576708,0.13334486086183883,0.37662481979221585,0.1287576983832817
2003-05,-0.03913816552900023,0.012865083020476288,-0.08038220544925198,0.020102789493869188,-0.07486810754062216,-0.03804202361365332,-0.01206559704175424,0.06240332961830082,-0.015698903294711686,-0.057441295156296576,0.054219361585847,0.03249411260355818,0.04540247404890304,-0.05329519484473727
2003-06,-0.011314018027423397,-0.009679634762711694,0.009461957694121182,0.16012969670656643,0.15237460480008985,0.1632566213190928,0.07570951119207574,0.14980718445245683,-0.0036223584673442323,0.1671721847659634,-0.1190303984472171,0.0830070706192513,0.08862742018669861,0.022989345916925846
2003-07,-0.001193278639553775,0.22523620483906343,0.12825225646667557,0.01558908184552989,0.0763622964206738,0.05702464426195172,0.12320791402856797,-0.0032957172968341407,0.03931659366496636,0.10311515767283738,0.0687505932389682,-0.08665856592431773,0.09381906847904598,0.13743142594686622
2003-08,0.021379687625468144,-0.14556746826114497,0.000870786608887781,-0.07151089549026463,-0.012999299668312586,-0.01284551316698351,0.035754298134677606,-0.09152611262024432,-0.06411805892739866,0.053822369294239336,-0.06582789729409444,-0.028747660015424677,0.06110227345567598,0.10164934912370789
2003-09,-0.03871771215489543,-0.14112873030196146,-0.0991068247526437,-0.10943044437453553,-0.08768392615162361,-0.03353173250825654,0.04586060045756963,-0.06966591236742047,-0.08234150195871817,-0.14975130715850712,-0.11154888833290115,-0.047476284046281084,-0.06220338024254503,-0.10211482438184993
2003-10,0.05383437882262461,0.1475697995666364,0.027732867231488396,0.06802277062085149,0.01227736114951831,0.23947215900306032,0.25207681648098845,0.06600125688328787,0.06171335642615272,0.0446947007084343,0.1626906186283639,0.038094819606147974,0.12158929257832082,0.10568502495577495
2003-11,0.06562520732071249,0.049546800844276165,0.05128683721399037,0.0814121048454042,0.07127603314017412,-0.06884777837906489,0.02285454924481832,0.038011635742751855,0.02615106697080602,0.027983812200152784,-0.03963753994996483,0.11525681599410201,0.03525052801733013,0.027417447165257233
2003-12,0.013957154996104653,0.044765009277188586,0.05755780161577981,-0.015968530576074186,-0.05797573917082632,-0.09597659830511343,0.031131111648623665,0.1065331849906933,0.028901429866591596,0.1344181778717412,-0.06618829017969169,0.11677404064772487,-0.014898848115616392,-0.02835235568942097
2004-01,-0.0009915416821376873,-0.003701357171944248,0.014819218589655255,0.0127119850706812,-0.1029211358851186,-0.06118519785164464,0.04035514663316044,-0.03880053751794032,0.01953091014213213,0.05307736379226335,-0.045236747807225114,0.023643803671792193,-0.034578641216866136,-0.039216115704160656
2004-02,0.010878151966594992,-0.08252064577864701,-0.03228788327239982,-0.045805445459056696,-0.053315879072964825,-0.043974790026256545,-0.010447771981863873,0.037508299185832546,-0.043493152065438606,-0.025615625136384705,-0.08913278962582137,0.04612151577465817,-0.05028458475710677,-0.04971795767668741
2004-03,0.058452374092084515,-0.1399801907740114,-0.06482370628127683,-0.10193697000987421,-0.08101366485058087,-0.1586444403308749,-0.04508701852127691,-0.009382068226072442,-0.06270360442157152,-0.06114552446184182,-0.055437409920165236,0.0739996329107363,-0.03447891018964633,-0.013840150209677127
2004-04,0.027638862907571702,-0.02750813134640114,0.04491561439924778,0.08716998233132901,0.04970024839525722,-0.024529790066178513,0.14818528983949134,0.0023983978178383327,-0.02324311917119733,0.03789911644217215,-0.028614738815709723,0.0041261222728775524,-0.041070719949213484,0.0025916023565119546
2004-05,-0.00841797243771765,-0.03680332279111782,0.022995122804685825,0.07326602698516589,0.007690098305221023,-0.04215581505683281,0.05697227461566358,-0.025435091335145855,-0.03551897784746395,0.017173539602664326,-0.06639992911525763,0.006379065769909007,0.06829259644780818,-0.031222927527874186
2004-06,-0.055828856238721164,-0.006792896991311427,-0.0014417605759346845,-0.04432911127616708,-0.0005782588886347421,0.05436571966473354,0.03242566401993374,-0.01640511036277546,0.013092757870766166,0.01898513247601789,0.012688407086819349,0.014171592217173888,0.016387096465484363,-0.010597688919606421
2004-07,0.03449416328127761,-0.08121626895133077,0.002392462658931064,-0.05078312633164279,0.008013726688621686,0.03004827643197262,0.011828666914635572,-0.09076939158576783,-0.03616909174476497,-0.042208394508384296,-0.10599517386394904,0.05535727642358377,-0.004185634197262404,0.0022641136975159854
2004-08,0.0751528903023247,-0.02308509375443702,-0.0022122164015212745,-0.03159480478678227,-0.08131053037808583,-0.03666132843252966,0.07360982031336968,-0.03675727740673503,0.024107804670082722,-0.06875576613721376,-0.03128656823657294,0.02535601834717781,-0.13664238588874597,-0.020508342627749296
2004-09,0.02964097032163508,0.013377038200270195,0.053166899580834474,0.004735185082656347,-0.04152370303045228,0.100023220877005,-0.004082860869930333,0.0353456389238205,0.051815511314655116,-0.03287732186226132,0.006973437597176972,-0.05026210041120529,0.038662051845669024,0.06094622232761293
2004-10,-0.011499138960324734,0.020511994004074205,0.017345789352754125,0.009310372225238141,-0.006712515306690126,-0.03184417273573158,-0.012166591129874203,0.021067274504741943,0.010706059007738168,-0.012312846300817047,-0.021014932578841062,0.08557606610311623,0.019991850641413074,-0.0004557682839732926
2004-11,0.042047074495725464,0.01423100760634702,-0.022210442489925014,-0.01620784766249403,-0.08496647717376747,-0.007948632079497359,0.02420518922775312,0.002544073843945933,0.0038675519214089625,-0.026999056791021547,0.018702272353898878,-0.03972883444256101,-0.02263632365663682,-0.0063201215244266615
2004-12,-0.015814624841440715,0.020665778935001905,0.02095619180390126,0.028785964326036365,0.019317880406868743,-0.02923857171418171,-0.010037321652708273,-0.0050292929360114015,0.009577138849822487,0.01798038210510468,0.025328132418942696,-0.014789676461519212,-0.04862486612258814,0.010914206734288423
2005-01,-0.011088869335318136,-0.018855583709537743,-0.0010489374183261452,0.02622492937737619,-0.0017135085825229933,0.06883717375256126,0.1299470593652679,0.013639193833833491,-0.0025219037087022902,-0.00830340948158636,-0.026407977761670892,0.09570717707839299,-0.05771990692124882,0.03963513499454618
2005-02,0.00392923829703653,0.00573992405971432,0.0551015778195956,0.08066625281702715,0.0019671206382726224,0.022286780582566005,0.03343853561399137,-0.019294419148523794,-0.04760323420940052,0.016197808389654227,-0.0030026791546459266,0.020461866016577256,0.012122125775017987,-0.04313531694070332
2005-03,0.07635142542876043,0.02782653480825083,0.0081096302775845,-0.012646508885023052,0.08445025117629275,0.01172662664785698,0.09426445325149237,0.012417958074829708,-0.002243105875999387,0.021036016063652144,0.017178296560446477,0.05953222985740605,0.03771101101862781,0.05200973958126918
2005-04,-0.0033253945197878653,-0.0413110392519039,-0.0345618594465326,0.046475901801068746,-0.00035378902169638923,0.027561684011779074,-0.03330812884160699,-0.0362195785782181,-0.007379571417327465,-0.06756877141022409,-0.07535766307362116,0.06033019451132601,-0.02652011137063721,-0.031513085034085266
2005-05,0.04341366849848817,-0.014645571916565665,0.01686304339957184,0.046342298006530884,0.06654318115468216,0.039306454614580884,-0.030692313423283414,-0.01399344596388551,0.01900572470243901,0.03059832564429673,-0.0024958766888879204,0.025533234892434975,0.07527621479881197,0.029854271858704536
2005-06,-0.020957688178100946,-0.01864726040921739,0.0018333550781590912,0.016078523699172155,0.05994247750025599,-0.011858354329324083,0.03240751863075069,-0.0024773503804129842,0.024225058734498796,0.027946616305125644,-0.021892396840325085,0.040344931299397875,0.09042078609054792,-0.009326951715965655
2005-07,0.019368340243391007,0.06863573132089995,0.056615645784644765,0.038603798417551835,-0.00810619407401549,0.012699281206991715,0.06134511240745261,0.0786448360386901,0.05060510642603889,0.1815192125098268,0.020268705960152185,-0.018613217488518786,0.004876251305416662,0.07247697496534737
2005-08,-0.020855065781867334,-0.019254341485569176,-0.021998941769454074,-0.012986416755079945,-0.03887528167363703,0.16895644162304416,0.021600798241623143,-0.025193724384910465,-0.045329681079355144,0.07089956575164627,-0.03882227160865463,0.01047237263530243,-5.995769303928471e-05,0.00021875454146000318
2005-09,-0.015118105014889178,0.06114190858321075,0.08880963051232198,0.02385884780333949,0.04130917769444496,0.05700155832631817,0.052818922500795916,0.05367551890220345,-0.033685349922917496,0.034198073593686,0.026838448773352154,0.019482689706788642,0.026756617172856056,0.02474802524262278
2005-10,-0.036921863110452015,0.05103537292055184,-0.009564176727735607,-0.05709817905282563,-0.04462704576502349,-0.0183077725792225,-0.07595904198471363,0.023556450313421944,-0.021324716080267016,-0.03658938406925816,0.019142257892201295,-0.03452236945360846,-0.0028611426038901025,-0.005071849656076864
2005-11,-0.010073307258840052,0.013059744875926572,-0.008482050079002202,0.08441786236211463,0.019297552886669636,0.07969542145073324,0.011909480304415744,-0.008604153902316228,-0.06503487788150193,-0.05885717831193152,0.08474586849887135,0.0642396142374676,0.043988618679843654,0.014420243515138587
2005-12,0.04223363473704328,0.0056687540639976984,0.04694183905906708,0.022936737973163947,-0.006916801989606261,0.0186366314148689,0.03448100188086589,0.012364990237076174,-0.0013863464907391677,0.018802644347823697,0.003019261934073961,0.09436553246648287,-0.018546014038420808,0.0943453825852538
2006-01,0.05257606077546221,0.013285411517319016,0.01333770976951484,-0.009217869779685094,0.02020137804984775,0.09533259457716665,0.08310902760424507,0.08267115755354683,-0.06837486791715948,0.0832851140441261,-0.03622217811126305,0.08766815696498696,0.04025896432388861,0.027842000027295408
2006-02,-0.051518029084127816,0.04112761959227016,-0.05178107351745589,-0.02439137696283196,0.06322082048490622,0.05374959402145614,0.04545502105083492,0.03135656839093955,0.00541916545108264,0.009493960583047968,-0.00731868438097548,0.029583803395249596,-0.0005406403412119173,0.004108251490113489
2006-03,-0.02932716945132992,-0.038621478015315305,-0.003960976088276464,-0.02023060836136743,0.05306773486019722,0.015086776767689344,0.007665180896549081,0.008309731454105589,-0.0002234425631610394,-0.011070104291552361,-0.022272713909236817,0.0032864765929918895,0.022458725086072762,-0.04278069108963827
2006-04,-0.037257503234884096,-0.042111995903267065,0.06891814515617328,0.07211417799522503,-0.05698676228056906,0.0033295896776279017,0.014637998238409526,0.03304607967751154,-0.021098031556669127,-0.09252763445644706,-0.048650779848098506,-0.039283090838845756,-0.07646282753494842,-0.03296548470046118
2006-05,-0.06631105726538296,-0.05834180430419022,-0.03898133272754264,0.03791630138055645,-0.0841823959527135,-0.1094300727844643,-0.1100811754608583,-0.0604162736109743,-0.07628709702905945,-0.04919445595095662,-0.06285987526066676,0.0006560528391351768,-0.041686697043374854,-0.10139896606167885
2006-06,-0.06938261043180126,-0.0027970104291531375,-0.040776529434400056,0.03279024554850318,-0.07853933108281567,-0.09349929272716653,-0.09766170399216109,-0.028453466661409285,0.0012708323864934101,-0.06004248790392226,-0.011748383040777684,-0.042097639409380036,-0.03553083395265049,-0.08565616019089865
2006-07,-0.0035999538507089706,-0.013268726273685354,0.019981507391823434,0.11479932255613604,0.034581059104067426,-0.019689304132331005,-0.027927400727463365,0.03303423687588566,-0.012910152610848023,0.023613291983427546,0.02276508896397067,0.07673638983813269,-0.07201731470492613,-0.022389331087458948
2006-08,-0.014836065561277022,0.02567392150123311,0.00764248108586269,0.006937809053542186,-0.023997462117027083,-0.002971985307973833,0.05909472875825343,0.0007799416625442548,0.024575685903315044,0.010678609510009839,0.07092577571884906,0.02268610897937779,-0.008384359087693362,0.015439841010336283
2006-09,-0.03793646934656981,0.02283579563058547,-0.024770106934029666,0.027568224176212516,0.03372646626843068,-0.05705000793313873,0.0005259772283643555,0.05743126612227934,0.09941893767016674,-0.027476839426155347,0.03572101838421209,-0.005312368187161187,-0.008583553310429736,0.01446650830463698
2006-10,0.04243950139340749,0.06873763257886148,0.0885332976083848,-0.008793180558489858,0.07333976410410939,0.031412903455646596,-0.041577915799695796,0.05111105553178664,0.09555949756284018,0.17529119998470982,0.0119073971575012,0.046618125427830545,-0.021604968616258484,0.034102026987120275
2006-11,0.0029971591948435815,-0.020890408899138114,0.04085669832554163,-0.012708534693098211,-0.08362870751377362,-0.057109732975253825,-0.009357467446765827,0.00023566259910805267,-0.03644826905765623,0.010264172985492197,-0.05483141527311964,0.10198004683525479,-0.01681231851754602,0.021655841381306856
2006-12,0.007666930358156938,0.02781909183718086,0.044427876095418976,0.020511986405154517,0.020594012512801442,0.048576572022336006,-0.015008002502255039,0.013098608517592383,0.016335178684691587,0.016925258484375698,0.013147139904313054,-0.023777821855169114,-0.017079823300731285,0.035562220401990315
2007-01,-0.029521576576015354,-0.018955980716620004,-0.027464954877586073,0.04729670875478012,0.05476096691210629,0.09356025346179397,0.024735644671646663,0.06143270885117571,0.020321922859392008,0.00045508762885917384,-0.06655195819622942,-0.09201837917537521,-0.04146895116221161,0.06438570022837922
2007-02,-0.03415764083408091,0.027837007528031754,0.012805979367251284,-0.039086957210421845,-0.028953725348342983,-0.014031779872208206,0.007779581451730758,-0.08663740764836009,0.011466799668333,0.006429892832176306,-0.023235158283985327,-0.06447257058712373,-0.05239598123911301,-0.0566523855482161
2007-03,0.08124101298234168,-0.10214697805921642,0.09587963591434497,0.017768329395667706,-0.05803375869140954,-0.006554221880780343,-0.03429425497952794,-0.05788931436571598,-0.06069467094457849,0.10451221937188777,0.01884437594537492,-0.0007259300955975178,-0.0543450514766827,-0.026540618149457268
2007-04,0.013410682571033433,0.06780517041671726,0.06063426922841072,0.055538379472530715,-0.0019462475033999154,0.06191485904095287,0.08490477780046658,0.12176124942527707,0.07116397129339794,-0.049491993739381006,0.04753495954595199,0.002128501630091267,0.003851519825866282,0.09941503697690188
2007-05,0.09793237015489428,0.005022495313525023,0.0504036178211726,0.05690151119123885,0.07647244233380845,0.026268340824628866,-0.030736032395250402,0.059426345088843535,0.06622079487951724,0.11018745533365291,0.03992825349471496,0.0365135975454871,0.02104380490102707,0.04677937588050522
2007-06,-0.028040301537511504,0.037699035185424494,0.04782946544693076,-0.02612392476099561,-0.010766830460559892,-0.02779072530873183,-0.008755993848808877,-0.02412832250967005,-0.0029483287651559326,-0.005576454937731153,-0.040903388398229344,-0.04251397944537906,0.02587606053990628,0.0763382994113905
2007-07,0.004396400884086964,-0.09929277255251295,-0.021485450777711895,-0.07549593682616805,-0.07055137156510545,-0.11024679496689405,0.04809761841646229,-0.0626169887788904,-0.06758102625842075,-0.027984347098470853,-0.06410767141585719,-0.013096455464409478,0.0017461381583347903,-0.13190834888941175
2007-08,-0.027991981341536135,0.042211506623636076,0.11500754456611872,0.10949244991976076,0.03325839716085988,-0.003833431684888742,-0.10520491807294427,-0.04342537631999713,0.0790597475072474,0.02128889117379068,0.017293753973137642,0.06007791495095389,0.02289278018192501,0.00795908654382623
2007-09,0.00981334924151736,0.04176690286896131,0.01773082561404687,-0.053036200542331824,-0.055151702667709544,-0.0499787561248935,-0.02209746207743375,0.004914760871868674,-0.004031001442825122,0.04270319802942221,0.03517494700408278,0.05388464360326293,0.023289320068571717,0.04953722418138079
2007-10,0.005879183201808907,-0.005799181889435596,-0.03123856015315242,0.04257850135960797,0.036276667753077044,0.05903172686929668,0.11449292857590976,0.012560589384133104,0.01629816543699365,0.08563888375242315,0.008225808018963374,0.060250524629452074,-0.033367997175054176,-0.011941603307541591
2007-11,-0.02040105512653288,-0.12911721569972806,0.011695162574056317,-0.030576029044606125,-0.11132363048787705,-0.17418599765257062,-0.19701036914636155,-0.07116161492993896,0.07829747599262547,-0.05014062810692027,-0.058447740765297164,0.11058388949175746,-0.0394614802837486,0.05795950965647394
2007-12,0.1480291414704457,0.06417937627326879,0.04716010894246059,0.06176219900643004,0.0005574977022962514,-0.034005884273802814,0.028847047785173368,-0.011844037121266054,-0.029927013611117832,-0.05720961694896321,0.0243567778847327,0.035415258425794995,0.04507602243038092,0.03831164871691625
2008-01,-0.11733705675969601,-0.24267681713676736,-0.11677718126699885,-0.11251462080064335,-0.18369806382819334,-0.25668733474491656,-0.2069919995284712,-0.11444842933790449,-0.056902087526673,-0.2066647361387849,-0.10411340863104632,-0.15674284489618215,-0.0298436070031126,-0.2027889736818374
2008-02,-0.03898353518881604,-0.06032109465831262,-0.04027589309234676,-0.08248112189469653,-0.07562478948589403,-0.06734046383017689,-0.09484328011143475,-0.05195192294829689,-0.10525146426853993,0.053082893480791336,-0.07687044090971236,-0.03070317059183667,0.006228185661001923,-0.013713530570168676
2008-03,0.014670457375065003,0.07825667665842063,0.012262490707971564,0.049227779684456525,-0.025955536600297584,-0.051397599960514566,-0.0181273238094088,-0.019807223250316273,-0.15689611782170473,-0.0049250440319907355,0.055118078439675935,-0.02391808079096154,0.035704350431452946,-0.10166693092191494
2008-04,-0.10150658100990587,0.08234704329919029,0.09375260787890785,0.006458109085289622,-0.03962770776171179,0.14370178974504985,0.21912374841366736,0.09631214429965453,0.06869418179660099,-0.08288303499206581,0.03271170437172184,-0.00014993306569239007,0.06369165572079104,0.012393318476319153
2008-05,0.06701332082945755,-0.057284332994031364,0.03669297212503155,0.015762946347634924,0.06276921137899992,-0.016959635540123415,0.10968349312890693,-0.08117845888174764,-0.010959764010982611,-0.027130373661160917,-0.0038001571198323825,0.06876622208437329,0.05874675919644476,-0.07448821126348734
2008-06,-0.0988000839138564,-0.08011128490089219,-0.11432304653778198,-0.06362572644212594,-0.1409704536188552,-0.16654266082698974,-0.15229443096637363,-0.18649668589483095,-0.055759704155041626,-0.15142757814063124,-0.051077933401677704,-0.008823353172669999,-0.03659877647045455,-0.03467075692475687
2008-07,-0.012836169698953686,-0.050186497707590705,-0.07155152004890568,0.08427182512034154,-0.04931008812850579,0.15258798843217203,-0.12360365808400497,0.05484367484842205,0.0855364856788044,-0.08080718692945682,0.03722615636001934,-0.024316673612520844,0.056831493212350336,0.1179757224680668
2008-08,0.026082262495209656,0.09263209603712264,0.006339673898080525,-0.06781576083519114,0.12634644843727053,-0.04479331551772118,0.02538040172002869,0.06757912182864691,0.014929277834069856,0.09444469819117034,0.06874048604330794,-0.038394790774866135,0.01695444829010244,-0.008486125890473385
2008-09,0.03358556323746747,-0.2124875371215504,-0.09854290251165126,0.014153717515854857,0.017912476168722914,-0.5239933551117092,-0.09770205662499715,-0.14388906964080966,-0.02849044703823846,-0.032515750479638034,-0.00029947692126071405,-0.07256158005857913,-0.01149962790630155,-0.060540428251270234
2008-10,-0.22638194086608826,-0.42514281703279244,-0.4027986565490488,-0.11955998042240036,-0.24481956804822463,-0.4775685673519229,-0.4310280431555222,-0.6112621982086665,0.1551676842774491,-0.43192867165129767,-0.12181021078221432,-0.005402555065643495,-0.06855977010299447,-0.29145072016491724
2008-11,-0.08557647068574913,-0.01515572764071092,-0.061761215438344036,-0.10516911778518527,-0.06588534965284013,-0.5057734985814162,0.05127296181959003,-0.26743696566097963,-0.026876788059326053,-0.11172903567796154,0.053768341275254206,0.0237351319540538,0.023133634622370378,-0.04468633907618445
2008-12,0.11473669977093522,0.2676671673859913,0.06115058105861687,-0.12398307231818331,0.15018232192401867,-0.2577353224523138,-0.2957569238962864,-0.07150982018406288,0.010548682384138686,0.10755623471176463,0.05055052311532791,-0.0327781646275654,-0.060854372940841395,0.00708764403835138
2009-01,0.0014023970151787453,-0.19596378189763336,-0.21561657076546462,-0.10319434287999983,-0.17340636415526042,-0.5840196144533372,-0.5873014265260288,-0.24763213782490112,-0.10444854649493324,-0.24620496625129829,-0.1661078155306425,-0.0840244774588616,0.0325028806332015,-0.26087173553811865
2009-02,-0.12964591044862103,-0.20225657654069817,0.03569511587033068,-0.09222436743479714,0.1814329857792778,-0.2531885438087991,-0.1316030555720144,0.04710112249840212,-0.035048778359208256,-0.1309593274022284,0.008273692350829965,-0.18457906529541518,-0.04637492428731767,-0.06151698319163043
2009-03,0.05276444871757824,0.09192430870289582,0.06971640774687614,-0.12313046438302443,0.1254680598954185,0.023856121021865136,-0.11002302411813457,0.38948711526077917,-0.03305846815179838,-0.05426805598926745,-0.14116157686030523,0.03554166373580358,0.03339921990842859,-0.0063539194233532435
2009-04,0.19906424895932626,0.23539783875657053,0.2786257328648041,0.07073214314657385,0.18414816313785692,0.0950035706937977,0.57614145392103,0.31072055137350985,-0.0718377116726075,0.39545910906790244,0.25688037396725,0.07743724621530745,0.16616610267801094,0.19937416402389177
2009-05,0.023229204238052074,-0.054697668825141973,0.08206720217281525,0.06343504470113207,-0.10767475273610805,-0.12030474812672574,-0.06338514655572347,0.14331020384278623,-0.05279700290723032,-0.08192180500131105,-0.034550829991556134,0.042519891090288815,0.06241306746804484,-0.011303848403028437
2009-06,0.059228779003219656,-0.13177502930505294,-0.07916988534406323,-0.0841365650326515,0.06287623683319482,-0.30281870492806395,-0.1891779021138604,-0.10921654151668223,-0.04675569378334792,-0.027672582914588965,-0.1109612275223746,-0.07580622289494864,-0.07379969716760765,-0.0480740428689103
2009-07,0.07113833779915645,-0.04412264695571997,0.19963991236564887,0.012733134431671846,0.15247066929407735,0.10155515218080724,0.2800410287439247,0.02771905243150961,0.03953881019872518,0.20914310342953382,0.08137417658581969,0.007449247294501829,0.05596256700013495,0.069671015896612
2009-08,0.11259079383935457,0.16191561243201127,0.11297269414225046,0.004774416567126964,0.04086427116412029,0.1705884147992864,0.13081726925357154,0.024434169611908967,0.005185645262408645,0.04434918623033854,-0.008744899818400894,0.05219621170388508,0.027179174076630685,0.10594245070266825
2009-09,0.00974870257404316,-0.00551955899944065,-0.010774791059929132,0.01273603402665628,0.003146896277248219,0.00515286755011246,0.15079686896168495,0.09754761113548671,-0.04867374676311868,0.004267049602971432,0.008476308488752065,-0.06952803361180984,-0.007901497505353176,0.003968264673443288
2009-10,-0.18253382087426506,-0.10467991826720426,0.03797549154253159,-0.006398262854054988,-0.010510033019201805,-0.2854766235356006,0.00662928608186819,-0.12968510930570581,-0.04231315143233599,-0.04686903126511968,-0.06518144733657531,-0.1123536656048144,-0.05756282691232349,-0.07821570068166889
2009-11,0.144674003520416,-0.03130606871681816,0.1124314760214554,0.10992360666578725,0.040996335453883065,-0.11529625821313816,-0.10115133441417849,-0.08582066987892278,0.009109688014701143,0.03139492508164205,-0.03945832290396887,0.012555800409318477,0.03743114155868865,0.06285355335813211
2009-12,-0.04478082354005312,0.010213686010677582,0.06478731830044027,0.08099788754263641,-0.06061672847293644,-0.14293526262838638,0.10283302338169358,0.0129049930880906,0.024998476625332333,0.07120543028066216,0.004733370875862918,0.08825938838211014,-0.0003575532901079356,-0.02094129689392604
2010-01,-0.05952244330839762,-0.108178952185404,-0.03818827879166961,-0.07756041868638251,-0.057360265604586014,-0.09173771102664946,0.02616010801708527,-0.08405847617483435,-0.06862742706111002,-0.08200169954761329,0.0008299602320227224,-0.06622760834384275,0.004484867275562071,-0.024382921163830392
2010-02,-0.04623421323167348,-0.027056669665266576,-0.06298497283649172,-0.009691835726959147,-0.07977674088389856,-0.013972709856085536,-0.24733381777676763,0.02196702976282757,-0.058133663951928614,-0.15312535828945356,0.009231252805643797,-0.06079365821073068,-0.030161446725718192,-0.0511371703592364
2010-03,0.1247725208726281,0.03409836062826862,0.09435352395433864,0.04051797452474037,0.08925257180312336,0.10447878567636329,0.062465357966370844,0.24758956410992056,0.04155282175641186,0.0908539332639052,0.051679630793763386,0.0261660990374341,0.09444375598834347,0.12895532808405705
2010-04,0.08913434963008196,-0.10891133893434071,-0.03338462112837622,-0.05919734968845675,-0.0004990914539306015,-0.10227621391016538,-0.01490129938358089,-0.08904555702535988,-0.06379627174230512,-0.01359236211980172,-0.08583873961553855,-0.05989734741554769,-0.019059822875559386,-0.03501303670075674
2010-05,-0.1047367674578584,-0.018877606021003093,-0.020601257849060684,0.005683286036257906,0.03074077261860174,-0.08562350281754956,-0.11543617634417389,-0.05814440949018308,-0.0318998109594183,0.08470212727360693,0.0035627455881989015,-0.08022339902568698,0.02806979106156645,0.03455329544380329
2010-06,-0.07749126449957422,0.019169972271374083,0.017022355086342214,-0.013338100139488152,0.010010151128179573,0.005582166387352393,0.017457612001475362,-0.03300354598266684,0.0800340405451058,0.019738839685029153,-0.024946633812220512,-0.07933521785979072,0.054223897407018794,-0.04029967145371241
2010-07,-0.012656664027084949,0.07553956310728008,-0.05137320666620527,-0.05551751089534891,-0.018163733799390593,0.18884337999902456,0.0791994058033658,0.07752057967752236,0.0581540374863632,-0.04893110270904222,0.009709738083938215,0.0095988289635382,-0.06209181782040878,-0.05348067406761559
2010-08,-0.011478625617363349,-0.09601133415141275,-0.07685975095767768,0.07893311604753274,-0.011856934553365945,-0.11447978948799709,-0.10492125575344051,-0.059913451065130255,0.021912126826929824,-0.06783332812522716,-0.064805881572942,-0.061426134093348045,-0.029894099221214426,-0.050207080004911094
2010-09,0.10932744075008911,0.002859146457962059,0.07756835597249886,0.04138372393967092,0.254708204254249,-0.0718370163806058,0.19003424880945172,-0.05289261870258488,-0.0379171661709719,0.25252516164562633,-0.05697657178491552,-0.05463072406851923,0.022793146773331507,0.052248746048552716
2010-10,0.03390503034318465,0.05412552189323634,0.10424690103043024,0.0841837176050154,0.009052249104971162,0.033042597351151524,0.005297152451561848,-0.0004055492758043379,0.014540478716614593,0.02423243791632543,0.03220900521666874,-0.0026274366872220843,0.04173457979481226,0.10774568025968277
2010-11,-0.02404108852405801,-0.08497161594840118,0.13571218057962353,-0.008313253920231254,0.16728498350948007,-0.12993985959561988,-0.04071039948416555,-0.15428592698173613,-0.05370333294252546,0.034139179285966374,-0.0946802336043872,-0.07015004231839939,-0.03933506501365904,0.0185085083270369
2010-12,-0.014230927108322544,-0.0005537095520705958,0.017760916088466396,-0.05949092726479297,-0.012396863465638782,-0.06318122037419693,-0.10495835315188756,0.02723852580680056,-0.030695776946958207,0.01604629519303513,0.017012082836013895,-0.003288006364660247,0.013082788115948736,0.0824557697147621
2011-01,-0.0941412759684163,0.12497122784276375,-0.08276239248096012,-0.02428383135995724,-0.06954318608518786,-0.02002749848424766,-0.11302676555230289,0.08442776102622646,0.003951313252127804,0.051209636740694606,-0.014009997939597512,-0.015685749446315102,0.08337812994418298,-0.04401975640426408
2011-02,0.034705113852303245,0.060036071898701415,0.07244240137626314,0.06291736111757176,0.04078611088560821,0.05503103381909654,0.01544218891954957,0.11054479513699887,-0.0027697027758608788,-0.09239110741353622,0.03246419019528212,-0.02840071566851395,0.022418616974290293,0.029289525098606314
2011-03,-0.043159357574731105,-0.007984230200268035,-0.0289705461052242,-0.05474762642984092,-0.03781584866587557,-0.12493472317383245,0.013427427827489334,-0.13048827277956568,-0.03278332163875928,-0.019973653708720434,-0.020394108873066658,-0.010477883058950782,-0.07827325821269339,-0.008962932888774302
2011-04,0.0821141679442098,0.022254901804697844,0.06348900363042613,0.07276678344548912,0.05871892209127009,-0.24589280089020527,-0.015753955436298633,0.01422426561239476,0.036861860789005954,0.04186784658622136,-0.015412944777643748,0.01401029331455817,0.05000234519589443,-0.021358377160411494
2011-05,0.032285008111078775,-0.049099823999143664,-0.07606072275862151,-0.051837065099645044,-0.039466464383366325,-0.14519741582346535,-0.0012142671640038992,-0.061392699603876257,-0.02728986391762227,-0.025026145360047845,-0.05440157529456519,-0.0899161774482173,-0.03758981646431324,-0.07175263185221456
2011-06,-0.013463093317023736,0.006585047884110967,0.04482473282629124,0.009576534156540046,0.14035248471342615,-0.13748318740528803,0.00674781256103372,-0.008220636860078859,0.07088094192373677,0.03199051076443083,-0.031409199088644285,-0.0887580065286953,-0.009756738556480933,0.015620947666463623
2011-07,-0.04625685901409116,-0.01003545859830041,0.033631008339972186,0.055053384280039266,0.04850759943190501,-0.13604454879230432,0.027066418915908035,0.010475789279033247,0.025132771140273045,0.03426709724195104,-0.00010356348896763526,-0.032827893124318296,0.07791456687095985,0.03590265085838046
2011-08,-0.11682490974249107,-0.25615928462118825,-0.22426806026399876,-0.21185767368515718,-0.23110351009751334,-0.3976516306141664,-0.32015562074880627,-0.27447651217313224,-0.18699665270145624,-0.3035717761923108,-0.1965209108219218,-0.2826447815742685,-0.08526511799000804,-0.23415085562040486
2011-09,-0.017184747946122104,0.08816752784901659,0.04833103530486976,-0.090069993618879,-0.04298822885223687,0.019284534934475232,-0.11563984088334389,0.06026526550762239,0.05296832381769499,-0.09169175509483544,0.1158427990675057,0.10575702412557718,0.06284371978463509,0.03587731236713304
2011-10,0.140485876747756,0.15668237358200454,0.11300464509260591,0.025210857380889067,0.1801329538617546,-0.1099421372321363,0.17555341288638002,0.015973050361366217,0.05057727843922421,0.06860928055657585,0.04298447539618908,0.08210848159454336,0.12034944958894829,0.09925981285300217
2011-11,0.03473524584846928,0.049212428499198275,0.1183171284227645,0.04936461619200447,-0.019790787238665265,-0.27920089072591486,-0.02400427970496724,0.028925629802577773,0.12343437282640227,-0.02364327816962864,0.03086391277216369,0.06120196768415309,0.08647131365985503,0.06305088198261714
2011-12,-0.11044622794276122,-0.0932728545114398,-0.0768263267094416,-0.05093664607349668,-0.1211693705992368,-0.1546383409765808,-0.1606582950745215,-0.05912246882644618,-0.09676206435144967,-0.06627401093426728,-0.06054136766084839,-0.06576996277838684,-0.053823641912664574,-0.04926302432042199
2012-01,0.07914200572128675,0.09557664248362589,0.05331444276222537,0.062123302981528454,0.19069258019584803,0.1826314275544734,0.16321826414464222,0.06087244687417404,-0.08293017465612333,0.16132882185365063,-0.013188035733282647,-0.019782371240902943,0.10822824110207328,0.047411067938068305
2012-02,0.023321945012023018,0.04747949780049251,0.06724128617041698,0.03802737693568519,0.03605231502542828,-0.02520644004411766,0.08209941576246527,0.03063365659806806,-0.03143419557152252,0.006375244427896879,0.05663328452161822,0.055595178199370016,0.08958689401454765,0.029462130167716136
2012-03,0.045993681249739245,0.0027861807774871884,-0.010634799305130059,-0.061298109210092634,-0.010000682986614091,-0.09381324661070765,-0.0076015936428726226,0.02866455249881772,-0.009165528833593489,0.012695797114316688,0.020760658730608353,0.013741320230685,0.004959616269069664,0.004726876607724212
2012-04,0.035988321620847426,-0.04567782737475681,-0.02009922517507685,-0.02352804990206384,0.06510180692251938,-0.13913879438486787,0.045027296824733484,-0.07501966724227618,-0.0713322347830221,-0.014604612023649974,-0.026719800149915134,-0.037767714788246566,0.03927482797308241,-0.045367370364213094
2012-05,-0.03902442262138967,-0.07037953290085186,-0.09680957570981315,-0.04542298589024318,-0.12518588412733186,-0.14234634925226367,-0.11775023833336133,-0.057746681912061025,-0.0344434494398427,-0.10754341792037451,-0.056644013836244726,-0.059905359686578584,-0.054679393887719,-0.05183661438585839
2012-06,-0.06203907679911559,0.030788887325579006,-0.08259916209379438,0.046958599996438255,-0.13424827443088855,-0.012504774779351791,-0.10128265355916996,-0.0771169307551007,0.054158443765896354,-0.1281416757792554,0.05775421354633822,0.05756353226106882,-0.027514382184143198,-0.05352538829997576
2012-07,0.11460875376753388,0.034188469357309036,0.08423099378882556,0.08760111081988163,0.08531898684383861,-0.06257776484852907,0.14853230592361977,-0.10669762388825395,0.08904079775320055,0.13621893369343174,0.04005216543880477,0.057253123087439906,0.061945440117167794,0.06897540106790408
2012-08,0.018743524209949052,0.06483029338845593,0.05338772510939437,0.002451003988347888,0.007369042719833995,0.061646881728115874,0.01990569847047869,0.1914210783287081,0.019894115094252807,0.00011665052531499234,0.029867852292592364,0.046111905912876484,0.03722605715459684,0.07455455099791997
2012-09,0.06104764321955324,0.07579927418739726,0.05827959424918642,0.04989192674427379,-0.0041035450728758235,0.09574635723318248,-0.0018586425426817146,0.0901441521733535,0.0317937625872978,-0.04440891143959208,0.028086872173985894,0.01883004480327119,0.036318764282223866,0.02729764875979083
2012-10,0.026421804744577993,0.0510332740141352,-0.051716323030772664,0.0008133528284837755,0.06473655022640959,0.07015657003893849,0.016567984435704678,0.11331456133122057,-0.09579363939894248,-0.01983816914400905,0.05224479321989296,-0.0014525810798726511,-0.0023881747031737535,0.028068087463331018
2012-11,0.07091633355025688,0.0325808073413207,0.08109390317685838,0.017916092512316694,0.08171460972597518,-0.08129615035551854,0.09002975591652217,-0.035165916695436374,-0.06570576702140139,0.030347606992283345,0.02319695046339758,-0.08288236572661382,0.017490201290635377,0.002151580933201638
2012-12,-0.012733021068416079,0.04104632873641513,0.018279133012741523,0.04125644198075807,0.052249728737329734,0.05828316479154318,0.029482966871250148,-0.006238973249687625,0.052538924971459074,0.07954973558218509,0.02798282962542678,-0.011077417480115582,-0.023313001683101058,0.038280776992724634
2013-01,-0.009544403407732367,-0.008187807830807027,0.05127685940278763,0.02726374198995117,0.024833638590941485,0.015574227462969856,0.004147988035826146,0.08828206543004802,0.020966416528335172,-0.0006424450277218492,-0.013982425259001398,-0.09805454227041276,-0.030820601923505005,-0.012726705940205781
2013-02,0.038849088047928665,-0.016725231451218917,-0.014654527740237516,0.10525580956890787,-0.03406307346623051,-0.0978162387595445,0.04525355844166541,-0.036915739345243156,-0.0794819822201351,0.0587305166929066,-0.010281295462334257,-0.0019335864176104425,-0.02666640046267141,-0.002972121792544306
2013-03,0.1263049718935669,0.013436895761622733,-0.039457202794415724,0.07142106899088943,-0.0864600450138928,-0.23986880181293505,0.003929525701468608,-0.16084872037244607,-0.002893494357592888,-0.07665103310812342,0.02812129214286036,-0.0007127692763101831,0.050051227468323,0.04655856397950078
2013-04,-0.05299230957204264,0.022516947973911825,-0.02110535993542615,-0.024296291667836672,0.013243468577430874,-0.03855806269445755,0.006834084821528912,0.09434859340209399,0.0482707523066945,0.035597428250259036,0.021249757210726198,-0.09336632338168416,0.022726415352045004,-0.06052546750888882
2013-05,0.00839523961242202,0.103810868940415,0.10790916460043887,0.07121737118269707,0.09193189567290454,0.0462300813052413,0.1907252725878215,0.04404431034227606,0.057620633473755435,0.3021481519348684,-0.031401013838415086,-0.052637465352744356,0.006209023071751458,0.05710601986758774
2013-06,-0.04954239454306407,-0.05757696396672144,-0.04944596775970258,0.005867565582821347,-0.07755581314950775,-0.17769413019778932,-0.010998628380457221,-0.08912402991212309,-0.030016239007093236,-0.03357144585910064,-0.004525175674968388,-0.09086082905535241,0.01492918298758928,-0.044116629207257195
2013-07,-0.05094668992673993,-0.00877177315322073,-0.04963735332753821,0.022821444625207875,0.032909345958044296,-0.12555358353664575,0.08649818823287017,0.017468218986942383,-0.030463298290320545,0.053597640350696044,0.009618721247285814,-0.14609592457634724,0.023536551569969606,-0.013324001390002718
2013-08,-0.042531694146164596,-0.07972064582126988,-0.013287290463992995,-0.048231649708132165,-0.035720847076258944,0.26824862809379035,-0.03132045175668177,-0.03646583259662769,0.04581827646693811,-0.00555831973223875,-0.04758480986009949,-0.08275523264409053,0.01545720252668609,-0.0028826076708169585
2013-09,-0.021659321039987082,-0.001871521094930495,0.027829024939615005,-0.002097983166762419,0.012249788308031037,-0.07210318370038954,0.047683552990165995,-0.0386972001357994,0.09094294656880847,0.03886047217070764,-0.04514421086850733,0.3032276133553569,-0.041949055039413166,0.08201863376050675
2013-10,-0.0029568834167290384,0.07164464395693444,0.07622310315120395,0.049668278766286135,0.03841876372202048,0.15030323806037832,0.09078204770834655,0.11745869354106739,0.08489252989961715,0.00579816480742673,0.052594893696061545,0.09319421347684306,0.015243935395065213,0.09103054860188448
2013-11,0.020790904296666957,0.03515599324234493,0.037505921579227434,0.05509376145301933,0.024362144163606807,0.05728529331407075,0.08731902309407544,-0.00589551482519219,0.06081729367497429,0.01716591595832024,0.001255539096903557,0.12437839656895847,0.018366809844051132,0.07003825441617034
2013-12,-0.010726719309436684,-0.019859056502236804,-0.047031167011619246,0.009545944624682974,-0.0484467671543977,0.004705438891182362,0.03076520348742698,-0.05422508492423929,-0.009328769716444179,-0.0178561306046095,-0.028098094037758408,-0.04551716209750884,-0.002182438109926204,0.00358984264832429
2014-01,-0.14546219434229565,-0.06592713790633925,-0.032770380169094365,-0.058448213355595836,-0.08575145277721885,0.020833756101721123,-0.04109563406705751,0.05621066994880999,-0.04722132708411114,-0.051721322785999224,-0.07494692052705157,0.007447230315643848,-0.14451135946487484,-0.030748854973092366
2014-02,-0.020194544246578953,0.05987335839998811,0.05531746447612859,0.07654804253809569,-0.008860689139461399,-0.029238242620540648,0.08859513326514401,-0.03199636634777829,0.025607647494864758,0.03987713602663548,0.02092914139759218,0.07532690039055326,0.04882791587696904,0.037975482382151836
2014-03,-0.0494483392190716,-0.05140965963881179,-0.0037805730683232418,-0.017386442449400685,0.0704233882351869,-0.021405797125596145,-0.03125136413194528,-0.10544281177179887,0.016343498851250984,0.04648509676956249,-0.024082517771699983,0.04169716474234694,0.0085971145250448,-0.017339737861970368
2014-04,-0.011728683999321553,-0.004933846772920687,0.02038429915807281,-0.02500179662699092,-0.03372303614589358,-0.07788821576950186,-0.049907179176853354,-0.0022153512964976875,0.012872867355537197,0.004478176156617342,0.028901646921440167,-0.0059157900505635765,0.026817849204748473,-0.003535247572941724
2014-05,0.026431466148614257,0.0013150355991963787,0.05472033216075806,0.034210741692258996,0.00016088206938299856,-0.13598446131743938,-0.016881673075679737,-0.04680932829806437,0.042184928472564026,0.01700471794331224,0.00688419968820158,0.08214199726392761,-0.03268571289575902,0.0489307804752006
2014-06,-0.11397035121421999,-0.0338594489815085,-0.01566445813147993,-0.044941071609525804,-0.038035865578370805,-0.04243767157649884,-0.050756032992736975,-0.14047171776177703,0.013932610681785295,-0.054163694368976896,-0.03497138230644893,0.061342333344471936,0.01582663873914942,-0.018128795140715335
2014-07,-0.16152520394166006,-0.003465740602444499,-0.09088929110891024,-0.03845862169862827,-0.06764595334953087,-0.06232772370123711,-0.06619824519036117,-0.03433260099205183,-0.06757789920040493,-0.1384039866696638,-0.05085717516913012,-0.04138493401829383,0.012232085505251955,-0.03884155040508077
2014-08,-0.0600190729566385,0.003814646116983106,-0.02450706070019345,-0.010302138385320344,-0.09548181556410963,-0.005306504380536928,-0.0015906932943207924,-0.022102969669756053,-0.05552716706011976,-0.022187641578412316,-0.026688006521854577,0.016205380301931662,0.0017731282095234183,-0.020812234018468122
2014-09,0.02835429074709584,-0.049097602007614004,-0.0729927124601534,0.023704095604985535,-0.05162678269043829,0.06379833192970227,-0.07892858675202373,0.03674867050513268,0.022034264060154008,-0.032479111169401186,0.02655127797623042,0.03557136128969712,-0.013083540667308238,0.0072174100410544685
2014-10,-0.11038479557171868,-0.027617353696119153,-0.08512051551861526,-0.05724601831150771,-0.07271207008913068,-0.1032855135499569,-0.026736907083776257,-0.16951478321794392,-0.02717445884552013,-0.047005167326952,-0.04001855679440187,-0.1031633498713051,-0.045985365814180036,-0.061964551372386295
2014-11,0.06761326966826267,0.03595774922790237,0.03017229517540319,0.05136164029008623,0.07036610224310064,-0.028477547187616015,0.08970733737878414,0.025699842806006484,0.13138089988133164,0.07794320212712891,0.06374876371892718,0.03517492074625774,0.04174246999666797,0.07324144093891136
2014-12,-0.07332493398673812,-0.01942893015826404,-0.01799260872255925,-0.11589985712646322,-0.02141205445370927,-0.11573458030120852,0.03816351660307187,-0.03661668755951234,-0.05319938199703061,0.014920299544090548,-0.0037739280694767553,-0.09942094679349783,0.03567511762202746,0.00160217177506649
2015-01,-0.010578651028251245,0.051334463133879016,0.05861671518260999,0.07473897101030944,0.15770961268866804,-0.09149608942090666,0.15060854720905692,-0.05206346515527506,0.15025486264755342,0.12603854437896314,0.050401117511504216,-0.08324798363293726,-0.010108827282662367,-0.013236294494265947
2015-02,0.11784443463726517,0.04322641617723963,0.07421335026343087,0.007391012527989301,0.08799294361756244,0.16781274233207316,0.06846617300073744,0.1835922620835887,0.10984242278511684,0.065892097593037,0.05001094149913949,0.03589532888825974,0.0993199520488281,0.09956612157736294
2015-03,0.03363206559346736,0.0931637374015793,0.07298227166855362,0.08613666052458638,-0.004681343003040255,0.036085288516734565,0.0054831118459885255,0.1053917528821011,0.02624218358553134,-0.003052929707282235,0.08645531958611771,-0.047449888543257046,0.07728652336773739,0.008403926225323363
2015-04,0.014578248833834464,-0.07648105906044939,-0.08085878138910417,-0.0765729906206243,-0.15566537786492007,-0.06236062462296096,-0.09852203894468783,-0.11960359533321821,-0.07883929111924387,-0.11301698703502014,-0.11447082093339063,-0.02992528301268567,-0.006807039771742727,-0.005081555158512424
2015-05,-0.04570220823969053,-0.06189576126942241,-0.02851194694700182,-0.004228252733087369,-0.037188192296852024,-0.021226532435741338,0.0015741702050485976,-0.019955776245473077,-0.03290318905825881,-0.02286478873426942,-0.02189780316848405,-0.05570690803958209,0.0386278409476331,0.011129008178404353
2015-06,0.01086499343859257,0.04007618963280029,0.011093104638309408,0.034178195990174166,0.05248587508355972,0.04255864560971515,0.08307711908481917,-0.031326925544676136,0.03302351442183885,0.013384287938384608,-0.01380761511507652,-0.06795110767097062,-0.008774137533480978,-0.0022880618782861947
2015-07,0.018892710139971475,-0.006457059785386712,-0.03618491929983956,-0.005278140042802902,-0.13850867250875387,-0.06090627716453505,-0.12626274026211196,0.13346225295855393,0.015138819435727004,-0.11034105977889373,-0.04185119950375516,-0.07878003664262935,-0.013533869537136303,-0.0017402519180406072
2015-08,-0.09020278332936284,-0.011459404993572541,-0.04944893513332968,-0.0699818352672237,-0.018945418973565106,-0.16287295344712657,-0.07557906395003045,-0.15583816418378574,-0.022511877652681006,-0.056945551166952574,-0.03584971144064932,-0.26238745391767154,-0.03010577712007776,-0.0620833120200288
2015-09,0.018043095344818717,-0.06472505985972132,-0.09925586139031621,-0.11429025528893326,-0.1449338645547709,-0.13752364887728322,-0.07253997996260696,-0.11741668852921565,-0.009900665747543346,-0.15184461286791315,-0.0176239099854853,-0.3030433616150297,-0.09133939137449566,-0.13773793389516448
2015-10,0.08454689619526773,0.045790187404592154,0.05224192281635751,-0.017798799330934013,0.0549116523299863,-0.03085497586246821,0.03842003795993083,0.018837134305986436,-0.02268300465082503,0.05357984096966655,0.027196711232769906,-0.03310258282508239,0.09615473842962577,0.0466636540136656
2015-11,0.13891893762821322,0.07722529270662104,0.056880126104096276,0.04042674138950397,0.11237067185032386,-0.004270093990811962,0.09929254713104954,-0.044295488334736274,0.03599089319975803,0.0729467602503844,0.08331889253734961,-0.10194891663304824,0.05169941023238243,0.05672692663701016
2015-12,-0.07023080532402572,-0.11575441095157928,-0.14591449293675188,-0.09692642547793272,-0.11755423017256321,-0.1282724530902876,-0.09314564183155234,-0.12393683569655617,-0.10785326079764622,-0.17477443953470803,-0.0725972335566658,-0.008252929783800315,-0.06483198452424246,-0.13395956129110428
2016-01,0.10700006348367948,-0.06461911515914262,-0.06518576473422015,-0.05453913931904222,-0.1694566460202731,-0.22787464782038,-0.0937371262901436,-0.22290268628392862,0.010723733688108984,-0.1474011223773012,-0.006674367825572474,0.03172676839853171,-0.007324089744491934,-0.010533840938930441
2016-02,-0.062476395721253034,-0.12897825198768828,-0.09421793655298849,-0.11158735152669987,-0.09033250222589284,-0.21703942443513285,-0.08929900111130343,-0.1589458052128451,-0.09284035941989677,-0.026571414130677956,-0.06049781737050414,-0.25584390142525704,-0.0971387762948546,-0.09690886052003886
2016-03,0.02800913672438089,0.00231643331018708,0.07076111070782858,-0.005113682714989599,0.025197193067800966,-0.045744899540596747,0.037659702379656566,-0.08968413267625465,-0.013592798996622935,-0.01288049017738436,-0.038634943106959856,0.11169343337404372,-0.01267932216072008,0.06626499342218116
2016-04,0.11205927008324232,0.0363123663812119,0.0670592814219899,0.04243492848608785,0.02033639132524953,0.10019648684576594,-0.018392340437088883,0.12094884111712277,-9.229194801299863e-05,0.013701168644416334,-0.06629359143666018,0.15082546000407113,-0.001995491971826276,0.0312598742455658
2016-05,0.034014112270554994,0.01782283363214525,0.003140814310697584,-0.1131538412943986,-0.07917959993032377,-0.059604257801059504,0.028750722505082742,-0.024146582747954358,0.04819119014314384,-0.011930610420038994,0.048031326097122254,-0.11306173982497156,0.05586971076191298,0.05890228697280558
2016-06,0.23586531661671573,-0.05375390723199548,0.08673533977482355,0.12169237062023541,-0.0904576231109142,-0.19137171728453012,-0.02843336396471981,-0.14241576095232045,0.011977221173796406,-0.055059000051467556,-0.07225713727145495,0.25626958388778587,-0.005748137716866393,0.015754868761539174
2016-07,0.09210807143627324,-0.02340532725511568,0.03363017768632767,0.04159685484788013,0.09674461798813483,-0.012906008396601045,0.050453285261886485,-0.0374820546330077,-0.017135248085432753,0.022683094421982092,-0.029110739779975723,0.0799327233133358,0.11249563283480282,0.028440080622199583
2016-08,0.012535351400716897,0.03711462635106683,0.023192586277879776,-0.038270339510112064,-0.02343213067914769,0.0488362824805078,-0.009008466765345075,0.032245664302081166,-0.04176772821808076,-0.009577906343455702,0.024145397544280557,-0.04811404642459749,0.009880271808153419,0.10235619167004978
2016-09,0.058205075132192474,-0.04694927132678052,0.01479528693358182,-0.08818989941046738,-0.07336089735845253,-0.09488282574774393,-0.011366727474409458,-0.043380566931962794,-0.02670796986797902,-0.03060186619326866,0.004551761793587769,0.05211913932850721,-0.003531186689922206,-0.03876025894618349
2016-10,-0.012258526130953367,0.073166877147488,0.07366542707080569,0.028675703522820936,0.053427420550848405,0.07969043381023415,-0.0008599153060879406,0.07088519399661744,-0.02154863586200854,0.06282204878075003,0.069990901893374,-0.082709533445923,0.02840820439859861,0.026655654011042276
2016-11,-0.03333638496447837,0.015899991941456727,0.005986669607006088,0.024512018741316404,0.039761794834177,0.06088031727092076,-0.03699218358735081,0.12397995658377678,-0.03199897442103202,-0.00027369672722522283,0.01641439072851224,-0.22460069045023862,-0.04812092126363337,-0.008157647972686156
2016-12,0.08677745351640609,0.06943757466643641,0.08652447965260444,0.0657835055267639,0.14182987871173167,0.10428158420087635,0.13636014888969408,0.09062990859501371,0.10262966908279432,0.16527144709801223,0.09291785513388306,-0.034660096619612765,0.07477562924791065,0.12168297110089185
2017-01,-0.00876398454728731,0.0068785217940420754,0.024470697846557896,0.012856429730321391,-0.034997648429209965,0.06422875957426542,-0.01882350480573847,0.039058621727772705,0.004873400048505314,0.001621454370860173,-0.03225529319855863,-0.0192616134840716,0.009896684609247112,0.014045050536623244
2017-02,0.04804020997560572,-0.02808485413211982,-0.01259874437627487,-0.010509533554309489,-0.03641902346909499,-0.16774561523105208,0.013741086786990098,-0.015301305630253103,-0.018413227833069208,-0.034122821257362074,0.0169101261544933,0.09434053237936527,0.011761285021304782,0.003902233078842135
2017-03,0.05978635823972514,0.0663933999753761,0.06871313371771622,0.03568124427293441,0.011349509707762976,0.17632520362452644,0.0754551280670286,0.061883295264723776,0.037924279446073704,0.020676827605289102,0.020545026537863293,0.08013721739176997,0.05186890667173212,0.05477524531835781
2017-04,0.004072310914705077,-0.026349583813950177,-0.037579027179222395,0.014886309632838665,-0.014056104045917754,-0.0056073197210106075,-0.019119472663192767,0.0564986240143129,-0.0324025249666133,-0.043940360940731255,-0.015244211376825184,-0.037733878713391886,-0.010507117780714675,0.03383990966534225
2017-05,-0.08404649376899015,0.01474370990355894,-0.05154594769399593,0.051495402577296165,-0.03476164943470274,-0.006028909693797839,-0.04618393906594736,-0.07142985121632901,0.08267836536612658,-0.03900171741632913,0.013501238163095262,0.1902963763171705,0.04959961181297745,0.003367965050601166
2017-06,-0.019512054856157084,-0.016823383112092423,-0.039564291621047666,-0.05438816807972973,-0.046523928331204084,0.04570978447892881,-0.053132034490946216,-0.06173410151507677,-0.038790167322193043,-0.043216284382038256,-0.01761287693472473,-0.05524531403500978,-0.0372699655443829,-0.05729935790196546
2017-07,0.016625656052178993,0.021745425951088724,-0.006806685025828049,-0.03363737547493929,-0.017581571495735755,0.03594871357683913,-0.007667920520971677,-0.015400128009974184,-0.0456231141402556,-0.007845076063271915,0.013767161481725059,-0.02407799343938698,-0.022034951539536787,-0.038632894276288146
2017-08,-0.0025599177165040498,-0.00526135404579818,0.005108578032717492,0.01359977494983731,-0.01288393169028641,-0.042363887661178184,-0.01968570866123488,-0.10758755381442611,-0.04687760305677469,0.017699549230773864,-0.04493645121674103,0.12900936346019645,-0.0007051059342806735,-0.053382818285388996
2017-09,0.02485671978572808,0.03598786600146157,0.10548024112978441,0.08385912174763543,0.10155739379872114,0.06788997530963467,0.13847333061628683,0.040456595083418284,0.012553473129468981,0.06691424885609616,0.024598525196270534,-0.04346213989552031,0.058912336584854744,0.0679748369459984
2017-10,-0.03460403868431396,0.02560735960441548,0.03131747048330847,-0.021902672073974696,0.0008251646655105299,-0.02183117340396335,0.0008868093038004782,-0.07269813311057594,-0.05879835891467044,0.013402161352257101,0.04022793473313233,0.10958415904662022,0.054569869840095424,-0.010664792802976443
2017-11,-0.09523547811366655,-0.014533834089052214,-0.004691612364112176,-0.048377556153292964,-0.019037984576471965,-0.0068712938774868875,0.003982794491343389,0.12260757993546177,-0.04045832495586883,-0.0398769109036784,-0.04989824516039378,-0.19168410652465998,-0.04066109673774289,-0.05718473436723366
2017-12,-0.07414643026995435,-0.050371318528739197,-0.02222983612523064,-0.032363220196359746,0.03344873001155357,-0.006828297854001108,-0.004770431646294242,-0.018020308257267553,-0.05146063909874182,-0.011022189546104838,-0.050545181534685596,-0.19864777200961203,-0.023429611656127416,-0.006431807211458368
2018-01,0.05103024893956925,0.035066787708803636,0.022272574870209703,-0.027985294189574638,0.03026045765020246,0.05247679731654076,0.035239735576863905,-0.09657585401392614,-0.10334087659425822,0.029119791228683484,0.012243711051729826,-0.09548317514228857,0.008085839283201899,-0.0060190501487962424
2018-02,-0.030287455382767434,-0.05233182115580555,-0.06520034812415643,-0.0543763398534818,-0.040244295157553844,-0.06291566952731387,-0.052924988760120355,-0.10864207752149212,-0.08764783242051641,0.012819614243575288,-0.049745624916716726,-0.013445929523019212,-0.06513906541899858,-0.10196676398367932
2018-03,-0.07124688281751526,-0.056242408101068106,-0.04257110984058931,-0.00045647854277919747,0.04402488546913987,-0.1525206100002762,0.0019060913581180733,-0.15433244135196622,-0.03296592917729889,-0.019375691698178633,0.005730252736815054,0.08028112104486315,0.008953195382478914,-0.033051184864186844
2018-04,0.029254911589640928,0.03918771882158205,0.008015619303236706,-0.00564900754387039,0.014937066130935001,-0.0010703895564938655,-0.024604686278405917,0.003592316636693472,0.003382825280943072,-0.02584514498136809,0.02963497035735325,-0.005340376611853239,0.05054977301424651,0.023257656548743285
2018-05,-0.032303586323378645,-0.0768872234352484,-0.02728185887863789,0.03412283060278219,-0.01808138686896602,-0.18488885759962403,-0.009616160234844184,-0.20173189335390276,-0.060840040860481025,-0.04035930657467513,-0.07467631507028659,-0.006879699899071603,0.042906305874978845,0.004827284572896959
2018-06,-0.056553238115513,-0.04045937911599968,-0.03624801852451004,-0.05979263145343256,-0.06281296804764133,-0.10709872958367925,-0.08778076612001198,-0.05043054885396228,-0.02516669169590408,-0.06406587047220957,-0.010895449594722724,-0.007958508971872592,0.02108621637160279,0.012580287104292301
2018-07,0.014582696421752701,0.04330184184596372,0.03463068138076413,-0.0023457696886928585,-0.042157498885662024,0.0872952957762069,-0.002918813089047397,0.14886200431952304,0.0544748066570159,0.0025775206978153565,0.050415783790283775,0.13608989541038105,-0.016998173331694816,0.06593633783922206
2018-08,0.04392503169394169,-0.05163959082455267,-0.06325400851173547,-0.07135129441181208,-0.026576162616007558,-0.12638283504532888,-0.21380215881450432,-0.13171491833621207,-0.04043522681130111,-0.07456781404760884,-0.02256308946411563,-0.04658783824764587,0.02348196755712011,-0.043280374543567396
2018-09,-0.008812770216865683,0.053319486871372265,-0.04030253063229134,-0.05964880439100889,-0.04427775766382944,0.09517247549751709,-0.061858262837395095,0.017342747642919838,0.00789816733405969,-0.03772696533063022,0.04285740916376537,-0.008468405846631576,0.032170877547474705,-0.005732489789763714
2018-10,-0.03183033291836927,-0.0538967302402412,-0.07362327781223561,-0.12953317432758085,-0.017413542741873095,-0.10720366217087315,0.04224311928907838,-0.129390408463829,0.0049385074124353385,-0.048924577368092345,-0.013764859563860716,-0.18896019223678365,-0.07327569145556882,-0.06782504795761411
2018-11,-0.10989023153465866,-0.05276693845129395,-0.1145066189535128,-0.10248009407189512,-0.06073871261766367,-0.1614688748777989,-0.16631995745369102,-0.10382266936435935,0.03433719402462609,-0.10030447353792375,-0.014958484177830213,0.051021694234462484,-0.07069422368736276,-0.010626958164939524
2018-12,-0.03462165037430569,-0.06457256303354214,-0.03199000055485794,-0.09383433439260193,-0.03061232950732766,-0.24352817758344458,-0.05967127970241463,-0.15944106965087745,-0.03832363609524124,-0.11031234803268626,0.004787630274597612,0.02188662283077966,-0.02793504627279958,-0.02850237967742569
2019-01,0.189728148206158,0.03762782785749907,0.01435341738420627,0.08129229077949386,0.047059610764039986,0.03875074344902923,0.15550223215548062,0.10803346789053372,-0.02188623237005715,0.10196838399281677,0.03040394665799109,0.14831978575939533,0.0696500962859602,0.01912625246741837
2019-02,0.03743316636525534,0.037660111832966706,-0.0019610312726503543,0.02310858407873132,0.018907749305078544,0.055605052432143476,0.030149610607118727,0.06435816224825447,-0.01295102401143028,0.033422776313752636,0.05429902148620953,0.002286278478103875,0.05858646760141747,0.0009168185203315008
2019-03,0.06304351593753314,0.014306400164204864,-0.056638326048654396,-0.03215857307206776,-0.072663397315563,-0.10589631885307796,-0.05607028039332177,-0.11826237337872897,0.05635461956437955,-0.022918936097758566,0.014255494901656774,0.1302894998572665,0.0752645297845349,-0.02427688221264319
2019-04,0.03931669025716184,0.06264997995178953,0.05967955392717156,0.038235265565914923,0.12689367743723226,0.06758995359767576,0.11251640246011974,0.025955879651874007,0.013299372014224015,0.15701187227494723,0.025542935036097423,-0.057522141404716697,0.11445360874573889,0.11254903472997405
2019-05,0.12305700940169617,-0.006197764490846152,-0.13745455661503236,-0.05584551006716169,-0.10224371350059702,-0.14931937954463784,-0.10421211198325032,-0.1258806480891786,0.05739300326418777,-0.14422649219971334,0.07613953565371433,0.04048963284225008,0.0033522391579491394,-0.08316010862726037
2019-06,0.041400634856628926,0.09661748612422055,0.061965663074016686,0.12978644673745796,0.06212073677110837,0.016345193985969224,0.10783840917725968,0.1150171203914874,0.011704623140537126,0.10188624849135555,0.057608215461234714,-0.018983054953391698,0.08667065638223562,0.043111256321491695
2019-07,0.04218216735824429,-0.022532426914724533,0.016131176496533603,-0.08147742962788902,0.015415971166042661,-0.041486475085496334,0.012757528610421702,0.03039603235430415,-0.045078495279592,0.033047210351265524,-0.03666841425352144,0.1197255394356579,-0.04694291472544634,-0.06727315326978141
2019-08,-0.01833333035575922,-0.05040766101609194,-0.011500691514533647,0.09795533992508829,-0.07781183591820319,-0.15723850168273668,-0.05696519123527488,-0.08836087082293087,0.03528717450734448,-0.09470267124140241,0.00859515966396695,0.02540302940450744,-0.032932229986215436,-0.047723276619951134
2019-09,0.024610200541227475,0.039440012822257016,0.05363192156648458,-0.050778354094551226,0.05888278744536182,-0.004916226508340239,0.04719565481402573,0.023326140503902807,0.010720952515730029,0.02370164330238683,0.06988546534274283,0.06571627616305525,-0.0028363021063109923,0.03974654338453956
2019-10,-0.050148904953934745,-0.004341805363736404,0.06616672938610821,0.06252870858588855,0.05933918835270227,0.002794312142062188,0.02602179026840124,-0.04451723631544676,0.019940384098972322,0.12499180961589897,0.022597815283026595,-0.0675267242927732,0.030531840826750808,0.04850743890683121
2019-11,-0.0334494729739633,-0.007416161095396,-0.0029593444352088182,-0.02975626974374984,0.038761638736231833,-0.06027138165042934,-0.031824432765413004,-0.01846654733352712,-0.02741117393664165,0.026246942263650173,0.022865242968443254,-0.040297728396168686,0.05699158552175008,0.14928084585905074
2019-12,-0.02100193600895501,-0.015490622541291292,-0.033672915997018195,0.029253643173408617,-0.012994248700109552,0.0014124762300691312,-0.047547422364650004,0.02872824476874351,-0.06978066297043077,-0.04180957595783223,-0.02596609471725817,-0.00802097803827494,-0.050426446273556164,0.004816459026676283
2020-01,0.004728432095720782,-0.01786600422183201,-0.052943702634133095,-0.04016400996661504,-0.10541801677831897,-0.05289757464534793,-0.07192293991051468,0.18606952964714812,0.015848852370727768,-0.12947213531920593,0.011666369496035993,0.11637776481910722,0.008458411892960207,-0.019010636311577244
2020-02,-0.007352983576471065,-0.03809356911854713,-0.05424002612047054,0.007860696447226909,-0.02360400025204752,0.10777815253842564,0.07249061754999417,0.10364498911002262,0.004220507247410506,-0.042102563510275505,-0.02533507624981595,0.07288267967660333,0.04034842753868633,-0.03635979134380606
2020-03,-0.033380949165582645,-0.228820654999745,-0.1429418917084048,-0.17211871781083837,-0.13687553822039952,-0.43996216238424546,-0.2551053614476638,-0.2117282973370291,-0.20493315434972326,-0.2518607763164918,-0.18233566989904645,-0.1906310995364329,0.04140254543060676,-0.10439811567271463
2020-04,0.0014868607247572891,-0.07849465122435431,-0.08877675582548665,-0.030616077559760806,-0.06055801321278332,-0.17921193338908423,-0.04760776382204448,-0.008263379624283152,0.02890303199812925,-0.11657006951763402,-0.01681928478403444,-0.040673603520143806,-0.07484751177193585,-0.04524366579488008
2020-05,0.09347609004662105,-0.024012404337546395,0.0003716364365695189,-0.032052693864511934,0.031230390809153116,-0.0010849256070202238,0.16906883104126083,0.0906810093408874,0.009400214665862763,0.05143934569899204,0.055675624769928087,0.06341766859779346,0.04386796173746716,0.11485746935139217
2020-06,-0.04491143444728427,0.13550821439623661,0.025143687413622256,0.023629895526330175,0.057361985159703345,0.09210968509708513,0.026642383978526182,0.13306859910772276,0.0585785578693074,0.058694809096977274,0.13208034724841547,0.04584166099722992,0.07621227412555932,0.09381706512864098
2020-07,0.000423145821432871,-0.028985138680771686,-0.05220646959554735,-0.14711980235745412,-0.09582244614339466,0.013512600728909757,-0.0565979088827065,-0.1407312605139634,-0.0655950028701208,-0.05465145316191358,-0.019586453637931676,0.03373480921581407,-0.03489074503578975,0.07352436109762182
2020-08,0.03820928279973269,0.00650982913971375,0.0455892910428431,-0.047214463960585484,0.07573039920199644,0.07435905813725144,0.07905239274059946,0.017895222169434656,-0.034859714518931474,0.10240594615798145,0.06073594848282802,0.04307673825465011,0.008568139061768542,0.03746083143021184
2020-09,0.03277606024950207,-0.12776666790093233,-0.015662026208456647,-0.07947430706744232,0.011932033508995295,-0.18644405123121122,0.009372059622793775,-0.12761967153345571,-0.07413129035519112,0.08281369189916281,-0.1052719020006292,-0.07985049132588758,-0.06192499933587837,-0.031215302767184035
2020-10,-0.0346343537558077,-0.05129975494245438,-0.037611548503844114,-0.139236230277611,-0.015448528700106212,0.01266122946877242,0.010980090287175918,0.06717949014583606,-0.07084568315296784,-0.05243247155791311,-0.038713517938135544,0.010977542199414278,-0.16749014184251493,-0.0031688508414450213
2020-11,0.06490653722977203,0.283170290937383,0.28961846526337826,0.17367337546310896,0.26402185038506604,0.333524037626866,0.2518323079276306,0.16769390591416952,0.07467004788319478,0.26494760432253506,0.18958379351159088,0.041688081698663046,0.0013542408786948272,0.1393766018549709
2020-12,0.07904854552074873,0.019784080332091405,0.009039877635943903,-0.05068123869799932,-0.02649711961832025,0.018881745697790633,0.04231855946398177,-0.043584245739499775,-0.06098956037930303,0.0058262988292383236,0.013388838869277045,-0.02619857964091227,-0.009526608368481697,0.020103039431165082
2021-01,-0.1233814123398593,-0.05998144356628993,-0.01583007831533983,-0.007407500630809165,0.020788539043193804,0.00775188138976812,-0.04129119405328051,-0.06666420239286376,-0.04062361433099663,0.028031608527095818,-0.08552142850283238,0.010166303086754301,-0.06277489124408303,0.05851201272998375
2021-02,0.05775076038603564,0.012965048187939395,0.05142598252915146,-0.06773524309493303,-0.015441036922876778,-0.061714153310333475,0.018848977625220302,0.11471304171375207,-0.018140041458121474,0.056237001834320316,0.04828063651340939,-0.13728952722629012,-0.021614432262528852,-0.012879619297058003
2021-03,-0.07687462764424186,0.1051683142965818,0.05754663345434306,0.04382928029510033,0.20029109768940995,-0.03895738180203777,-0.002437092547280335,0.008458054908937097,0.09640803600614446,0.18777128911414423,0.09570375378312213,-0.008332793920227738,0.05041011750541725,0.12859613986713528
2021-04,-0.069983985823028,-0.04332735050624328,-0.07342759379125294,-0.011225602842421719,-0.11554845911737714,0.005749634517323533,-0.07433825039761456,0.04389881770188637,-0.0520905939498178,-0.11793833242816903,-0.09270318917753621,-0.0761070986505309,0.04482430812258324,0.0002876914960308682
2021-05,0.01811524838140126,0.01116555770601344,-0.03183208802426195,-0.021156705869911138,0.021957255842563143,0.16968999200206647,0.03981179017431058,0.011408817914786344,-0.0006298729935044851,0.025720867271963693,-0.048167405349251124,-0.052039033444917504,-0.003766999246168171,-0.09204365930272365
2021-06,-0.010520912151449019,-0.038257113783946826,-0.017165738444640283,0.0033415758286297653,0.020621817741924713,-0.1156334823148122,0.011848190784530232,-0.1227238171008218,0.025926441671828004,-0.020782966966458653,-0.0378151962788255,-0.04816389035998311,0.03868108023160902,-0.02082158184507688
2021-07,-0.03481476289445691,-0.014124057763412178,-0.03064862625809211,-0.005230388940530058,-0.08479132361698799,-0.11684458266083517,-0.10965872794635596,-0.07961312196365176,-0.024908013293678418,-0.009700994032424824,-0.022084640104616606,-0.06626517533434917,0.07326902607048491,-0.0039439428569988735
2021-08,-0.029410610912060906,-0.036758816280894335,-0.01850230954557734,-0.062067250126058265,-0.006710105849022892,-0.013818611854964883,0.04534856882905892,0.045531488890668326,0.02025919015586069,-0.030304530542754414,0.09072094876045972,0.09381387933420257,0.08675849944150045,0.06356653315989985
2021-09,-0.10135410550770338,-0.06608621370411369,-0.052296327762222296,-0.02821707417826905,-0.027016746524185956,0.0026401708069542264,-0.10035338297287373,-0.0025199423188810963,-0.08208443656307209,0.03654917094566108,-0.07259220820796371,-0.09833318835369295,-0.09375666191497023,-0.02967027257397367
2021-10,0.06799272901080064,0.04174470737353628,-0.01651837557604117,0.02984756416124396,0.0868723444883345,0.08923499262913678,0.10960864689070726,-0.0026264066458563857,-0.0029677027229561286,0.16937169558644144,0.1194358827112959,0.09508323042469535,0.07237504490889743,0.04991312699855828
2021-11,-0.01839520742316443,-0.04711991236545142,-0.07253088816446022,-0.11275791583512565,0.009239990081357856,-0.009273251842375629,0.04942012483728073,0.03103824171070509,-0.055224725367623476,0.016293456138891257,-0.03660018431362208,0.05154184540629519,-0.04844415306098543,0.05156977986009688
2021-12,-0.05711313938812354,0.027661505898484883,0.0075716863709335575,0.005730574098218909,-0.0009203313799576212,0.04669641960505965,-0.040811709019299085,0.002104515510546843,0.0368249224031316,-0.06952401685959704,0.05257157227947861,0.006106371352877247,0.04934217229746736,0.0256939254013687
2022-01,-0.03710261031301278,0.1013312268956332,0.0966733024477792,0.13138637376850407,0.03580049978639469,0.08909627301138097,-0.07239465443540681,0.07738787882279355,0.01679516361166456,0.028715375274015232,0.10393821758867544,0.04849304340701074,-0.050563721175626256,-0.05720495908550313
2022-02,-0.01519033043111415,-0.020505985675917413,0.0034111259610543425,0.032680426152766305,0.026687684395009733,0.0848960934400381,-0.05841648481704193,0.055475529204970744,0.01273036358173696,0.0809829980408156,-0.05356555102839331,0.18686943250720528,0.004093060347795295,-0.024645252551498388
2022-03,-0.07206113570196891,0.04974232801802815,-0.14926319055489407,0.13145649066992734,-0.12620420851821126,-0.13802983934826601,-0.14849350444363654,-0.030198336505017194,0.016772184094695466,-0.11930694462036581,-0.057503537786424315,-0.11811756830319879,0.04001302810908271,0.011713962619688554
2022-04,-0.013965803534662157,-0.02215585738887337,-0.07919806239549664,0.007173304863871766,-0.016150333676087914,-0.11748190441556558,-0.017431823901654188,-0.09848394286440854,0.1009006554567374,-0.00867811530638195,-0.01498331695928189,0.024463087415123933,0.020471784595211956,-0.05694698580340697
2022-05,-0.022776173724490846,-0.08701408296010472,-0.006393677582377814,0.11640393272366895,-0.024457302198098906,0.07799889311264897,0.015052545332840919,-0.04306096695832121,0.07570287177648129,-0.029279140990871953,-0.07411340787928339,0.007095741484002049,-0.024767495649737035,-0.010478648403816456
2022-06,-0.055957137241510815,-0.07553375596068966,-0.18955617625031543,-0.12172173152994471,-0.08728794512086782,-0.19618877905951226,-0.06330321684418208,-0.20420179687667048,-0.017069454361330755,-0.14291294488443823,-0.019286982073968235,-0.12460505862910895,-0.029794865910928826,-0.19720466522201102
2022-07,0.11424110153065034,-0.04619262050766967,0.006933014235793626,-0.009021474226387695,0.06627536112869294,0.015235749620685978,-0.007695257581354904,0.015316413755133129,-0.037487800191563926,-0.027644678698106856,-0.04194776609275636,0.12290572753777412,0.10044880443468912,0.13185563542725812
2022-08,-0.11394812360102993,-0.05173126131063968,-0.028355549065563476,-0.07415739030769655,-0.07912903733221842,-0.0652662615174016,-0.10965372686234727,-0.06240803168013147,-0.012101004545759322,-0.02787163014277763,0.05098074028106789,-0.05342148005771071,-0.02413568619005683,-0.0430062583104039
2022-09,-0.05325535491007683,0.03216577216923599,0.008758740739316248,-0.06077822031072747,0.0018212757161780422,0.16832261921452046,-0.14010233547422205,-0.008714858364087912,-0.07264149007834689,-0.0028822100162333897,0.09538120819920316,0.06658259685198946,0.02458440837916006,0.10700335335266825
2022-10,-0.033691728847623344,0.13469749630370617,0.13158071238125235,0.10326977381909001,0.12050419222979661,0.06629044181833715,0.1788512172265001,0.23319060748324472,0.10563122386586424,0.07622655425086902,0.12871874597212107,0.033753047524291195,0.1843388519546178,0.0813587156432673
2022-11,0.25874330354503894,0.07805730741062383,0.05087602226249508,0.029850009456654503,0.05916503377242921,-0.03247463698548642,0.08037295062286728,0.013272202505799644,-0.007265932681395032,0.072310103819104,0.10642791498153421,0.05565190271651709,0.12044084472781307,0.11423924466124387
2022-12,0.06760959439766347,-0.013341558933660189,-0.05168243819958281,-0.11153274360119583,-0.014506143894950717,0.07943175101014345,-2.5859105037988345e-05,0.031765629244484075,-0.0256496723794956,-0.05165369423549894,0.010890759722899959,0.005061970457015659,-0.06113598400885746,0.007049097605986195
2023-01,0.10764380189943616,0.0615304652482436,0.11114806257523001,0.13589186642965526,0.1177408244794004,0.11691410349741616,0.131074110680521,0.12310669411449526,0.07775231247471033,0.04278027764484912,0.0567967000557869,-0.028865866010575954,0.12561940176646424,0.06732269405348387
2023-02,0.03380838532529374,-0.004317149133023191,-0.05853554374231306,-0.019394748392476426,0.024580307401183003,0.02934695348702761,0.035840884192851245,-0.060483277610007415,0.023442996037026403,0.026637702101671122,0.012980359548336819,-0.03412171823064553,0.01015847787078074,-0.01691762696596788
2023-03,0.11578622783394849,-0.08179660646368066,-0.0497385732366457,0.010516928511109748,0.003775570630124848,-0.16519174133599082,-0.058444917227517754,-0.20092458659603918,0.03221891302358506,-0.04933045178730604,-0.044359172162349324,-0.0722101631458045,0.05795661048941328,-0.017725044344927363
2023-04,-0.02325055885782179,0.05689729876165173,0.015684813448568247,0.0059226814567861896,-0.030032349971746534,0.02013856822712568,-0.07782380113251502,0.007522421756127497,0.0018141415803186085,-0.07050873038562994,0.04237635777182238,0.04096442688774276,0.08857975690664609,-0.015703010200790013
2023-05,-0.10178270474299571,-0.09177181988091651,-0.06072611586745886,-0.06389360545501653,0.05192144128889934,-0.06083886568653185,-0.05573100410640709,-0.061296268700199635,-0.061842921847386365,0.010816181411221586,-0.016576543088695654,-0.08662046851241034,-0.01341181987126296,0.02711026964095813
2023-06,0.15808672034190582,0.0325132832074304,0.01214387329930286,-0.05036477761881004,0.07892290713361001,0.0451638597349562,0.09138026109369948,-0.0013443913320379146,-0.07689353189250009,0.021233680157704733,0.005432193536904593,-0.007039190999145767,0.03661906279868711,-0.00958328649016809
2023-07,-0.005664245204348915,0.020381600362769148,0.13059905160370883,0.07001736311323205,-0.01569758900068679,0.0319797963581578,0.056568182474138834,0.07743982659066909,0.004219523615282765,0.00555483284241846,-0.009214143645860397,-0.053592614241585124,0.05802133773130219,0.03742528488205133
2023-08,-0.04537338270698867,0.004410520877694169,-0.0384115584555959,-0.041517510472666816,-0.10041514455680624,-0.05127208929941685,-0.0401181914211364,-0.011268246676030066,-0.03436690530163527,-0.06438263110320293,0.0216206371568515,-0.06225736576874258,0.0240019336286252,-0.048209118665427986
2023-09,-0.12426915593666572,0.009713941726839417,-0.061723950902558014,-0.07195863653751508,0.011004391025637187,0.051767243170312706,-0.0323649956573442,0.03360911663667933,0.006401930050121565,-0.02955483134545951,0.0249716091493128,-0.07119858544485834,-0.008653664831453804,0.0007529908742645356
2023-10,0.0029039324549339288,-0.018698488030440604,0.00992765630866275,-0.06423533689122492,-0.049728543661166566,-0.05684367133721702,-0.030332019677697736,-0.024104522629781393,0.034788510693425034,-0.08861993282858974,0.021162953854496496,-0.003860124236365178,0.022218531887168106,-0.04364584692023809
2023-11,0.10460963612650956,0.03983347083409138,-0.0031254186466368127,-0.15663387623319822,0.015422796515430529,0.050781530659600546,0.07317527709413982,0.11968731824371386,0.043736514964927926,0.028900240346710647,0.01919645074429989,0.06346847852508124,0.18495863638269563,0.11495466794811758
2023-12,-0.02266199938959036,0.035938909623971345,0.10207234752737217,0.06317097824457381,0.037276974313531504,-0.07637064604879798,0.07496894457254477,0.09044127293499213,-0.04003926155957064,0.050480286456286466,-0.06707632733250513,0.007015237415814559,-0.04298078592694318,0.09123078649868681
2024-01,-0.03803919021524434,-0.00667041084075027,-0.08042931815872192,-0.10858928021320845,-0.045576381345188245,-0.012607395144363187,-0.04522575997274316,-0.005804604738769327,0.044883669478487924,-0.001347469362776924,0.014285027832522001,-0.16686620898994275,0.12243975257339858,-0.014623240108976185
2024-02,0.11933735905885097,0.0033415067072527643,0.0045580518394226525,0.0017574653772018513,0.053737338877705175,-0.06378927851206916,-0.032544537106478984,-0.020229558052682624,-0.04185646347729641,0.04523829203802161,0.04844321176360373,-0.08524036465454729,0.032772058857486984,0.12557378012244533
2024-03,0.12435650076694932,0.08208878771959893,0.10194934398731066,0.03425245002156649,-0.017244890441907905,0.17147824496346026,-0.0756194597183887,0.15819907855104387,0.005165139220633218,-0.01026474031399816,0.03769635018864117,-0.04575145921877444,0.019504208729183636,-0.022480595837415678
2024-04,0.03537772086188763,-0.05042732134314059,-0.04909264344169887,-0.05384169426714251,-0.037705536076836826,0.05536242117260755,-0.026534622303702526,0.07371933967796598,-0.030728127203416587,-0.05374999458657436,-0.08200030679908923,0.0164526853763728,-0.07588986813500975,-0.020895016821967614
2024-05,0.018817948398792785,0.01706970844982593,-0.005144337293442162,0.0025292894852511428,-0.013393278533993375,0.06439221591617966,0.032484673603385764,0.010312497885152887,0.02977195701430224,-0.020279239969378873,0.04630969071351404,0.0781959880108369,0.02448972022389028,0.03793302534379229
2024-06,-0.07039968105702789,-0.06693362291709072,-0.09371078482975907,-0.08074756524316783,-0.06477522795604723,-0.13617858760026633,-0.15091246875147032,-0.04712599769672666,0.03008662709451882,-0.049352444849951625,-0.03261554917634177,-0.08427700386472602,0.04491368623709184,-0.06110240462432672
2024-07,0.01837145141235866,-0.001843056138757459,-0.019474166685248723,0.016297497759269815,-0.010375461921557342,0.012923894490515488,-0.009507220476454166,-0.034714099886495084,0.015576310446783911,0.00660676052918137,-0.012323788948066778,0.06820531114192409,-0.020072791962649068,-0.030232015903821706
2024-08,0.03849092279536512,0.06146816679773091,0.06368150121194564,-0.01856977221667611,0.012910047593389562,-0.06061638115871852,0.031631953081104745,0.009257449472579421,0.025230647204169728,0.022240366387080095,0.06019699614765266,-0.0313098458857483,0.0575321889233843,0.05156276323121919
2024-09,0.02800800567906914,0.025464829143872755,0.031760176793903576,-0.0023464749009422157,-0.06950547850063686,0.13476330127234704,-0.062492701841879515,0.011543610186399812,0.04396048463841614,-0.024816317235982818,-0.014812888423408749,-0.051827953122198,0.03715143796037202,0.030171569881150783
2024-10,-0.031616907548393816,-0.0035112684795272396,-0.00866694144170953,-0.17796209549262218,-0.05065840605426961,-0.041303813133592535,0.008262921238506606,0.05456359601048393,0.023169481152528097,0.02701500232722809,-0.00840121310114173,-0.08986471993101801,0.00545641202609153,0.054968064832773736
2024-11,-0.002332700074082233,-0.03433175306133033,-0.07281050979205259,-0.18047206512625877,0.020429514092649922,-0.044287241731654145,0.05983486003044505,-0.006965557991980776,0.016810776723219595,-0.001590068920295547,0.02242109438180002,0.005672049094389133,0.02496118367700544,-0.046522083287640285
2024-12,0.0768939867395347,0.014995883711764685,0.0162072830451982,0.0435506817155615,0.126520358140971,0.0012378657235885054,0.08451025048039061,0.057032623588973416,-0.01528799886136557,0.051690876914266604,-0.004562991793486122,-0.0713823067547651,0.08600649435822058,0.06619917132633987
2025-01,0.03344402733209269,0.056819759607086635,0.0514508805079616,0.10380751183486599,-0.055290091732758305,0.16660397511622752,0.017186414947084016,0.15572349979060793,0.12095443371460575,0.05321132816230928,0.04532003491323437,0.0366708349014556,0.11683738917910415,0.06776943117677689
2025-02,-0.015482647799381934,0.06604185472806934,0.09334357336130225,0.05432868384836235,0.15510361011816332,0.048948722191854026,0.04752694265247754,0.08394510257908663,0.0990546903577459,0.11649953874403579,0.00935626266257531,-0.03273884066045346,0.030583465731630868,0.007913675300127123
2025-03,-0.039081541869879256,0.033234152472040056,-0.03952653420062694,0.03525185990747823,-0.06420870234288932,-0.009575571795966535,-0.022723053858980033,0.05180416888371141,9.769795472480922e-05,-0.07406544145141626,0.05633533429355359,0.05798007135394702,-0.06624222296574188,-0.05377962654313798
2025-04,-0.0226511584365702,0.041320557167609066,-0.06619590186649793,0.035151045794299264,-0.07519407749988535,0.1093941043782133,0.04561782447096402,0.029018564333776642,0.009556506968105461,-0.05937168513374758,0.026605209913165537,0.0004324041404494732,-0.026922230359708192,-0.06412407049553044
2025-05,0.0026421910619360603,-0.0389391780449702,-0.017799160219430548,0.04722278934289193,0.010957088798339494,0.06414781375552457,0.02440443088103428,3.3031596763356785e-05,0.020586774284952102,-0.006326169077256484,-0.026490623696611586,-0.03050784976583891,0.041524055567224404,-0.019628392289048915
2025-06,-0.08839604275731991,0.007938024089860692,-0.008509120481451353,-0.04359643880457836,-0.03931617746740514,0.001562474298814948,-0.03192877582276414,0.027050013653130197,-0.05824280123499263,-0.05319988824086248,-0.01773881135361554,0.04269249369812752,0.002077429444017527,0.005070409646235723
2025-07,-0.11302852564125726,-0.046933342363559824,-0.031858609651341,0.0075255202438270176,0.02043292218185233,0.1379449498826418,-0.01080935291476475,0.06234108916691366,-0.03506122585150697,-0.036225194442665434,-0.037857775464500684,0.011744967217493664,-0.025499816167868863,-0.061840814040239396
2025-08,0.026092251044481683,-0.005571829608458577,-0.015635897148280002,0.04106101533322531,-0.009343631736050012,0.013186815424288052,-0.019839085225349922,-0.010801441290946687,0.0015969704650927476,-0.009098141004366116,0.0010549167263909133,0.006146895791511824,-0.017476861998380326,-0.02723379680031805
