Date,ADS.DE,ALV.DE,BAS.DE,BAYN.DE,BMW.DE,CBK.DE,CON.DE,DBK.DE,DTE.DE,MBG.DE,MUV2.DE,RWE.DE,SAP.DE,SIE.DE
1998-06,-0.0501312190208087,0.010882476412883146,0.00953144388940685,0.03250304812145634,0.010159133122910769,-0.032026798636875936,-0.036095678192780443,0.013102080472623887,0.00856180895050168,0.01811483038238712,-0.0032528366125703016,-0.04887271800054536,0.02762556661456325,-0.05274212239793082
1998-07,-0.20967830630499568,0.030885845810663785,-0.0784858037527465,-0.12993338789876432,-0.05250847058365869,-0.03350881316595496,-0.043458707597425386,-0.10013805801832662,0.1272853534398706,-0.060706760574445656,-0.06534267398340643,-0.09316413837504842,0.05256233672726274,0.2678641580054093
1998-08,-0.21348878000632038,-0.13397712066127176,-0.16952121163536124,-0.1992564210518887,-0.14910603987651144,-0.25824283835587963,-0.21615745840933093,-0.16700049932923883,-0.10981326883691088,-0.11625688082827525,-0.14207326783284768,-0.09988150837785495,-0.12342047801835908,-0.06975196681858348
1998-09,-0.21886282400947102,-0.04625461801946443,-0.20939078221961607,-0.05230495853821831,-0.12411802592122026,-0.21767144834808705,-0.21636863207651374,-0.13857274125815544,0.11646735943069401,-0.21190934605378403,-0.03242267631441347,-0.04411285323358195,-0.11416492240500023,-0.20208849963872583
1998-10,-0.032266911960287435,-0.12871894847944615,-0.03162263850229215,-0.07139053275503918,0.113255941977604,0.03239655155555824,-0.1256472014137867,0.03735816270762508,-0.06964579313805286,-0.16775422680315621,-0.04141621234524135,0.16721356791550523,-0.15682515358577442,-0.02712336086566691
1998-11,-0.08363952751208004,-0.033878611944078096,-0.19338104032113285,-0.04499478527687834,-0.04428744883745527,-0.0872285566895597,-0.1720426291682208,-0.10122881960917024,0.04636873948879375,0.12194625797664496,-0.08129923966323646,0.010041109343285693,-0.024967491634104687,0.13562948324331917
1998-12,0.21071537855601105,0.17085823274213424,0.05366028555380881,-0.0023456515285901927,0.22520619025696756,0.030913674155002555,0.15845824420279975,0.06079774670092133,0.32069455091365084,0.10188752826265639,0.06409680996957995,0.05627855937356289,0.14105940943388498,-0.050878221761874176
1999-01,-0.14572550767683085,0.005781273773495777,-0.09232219700860488,-0.052930194185157466,0.03927086839343604,-0.061994386737392534,0.0007834712147472543,0.050234647707167415,0.47005475998880214,0.04330731932717312,-0.04874732897377383,-0.05378808038371699,-0.16599085851657477,0.104997314188916
1999-02,0.08414671595753555,-0.24086978699935405,-0.0327025374357965,-0.13083888887209508,0.07554660173604079,-0.11180787595907832,-0.009226702975663916,-0.05970811143262076,-0.02162743300454931,-0.06509571243135788,-0.18505469999410584,-0.08590174846736581,-0.019980702167233824,-0.1324350789783984
1999-03,-0.04125955313495202,-0.21146560326117644,-0.08366836409146186,-0.11478862437209678,-0.09560538896889828,-0.04467122051767979,-0.2755535086230253,-0.1761850704873575,-0.19712796988302142,-0.1856611144488893,-0.26137778200580297,-0.19183288887632982,-0.20761540247930824,-0.07430361982074507
1999-04,-0.0936372517964295,0.025361690975670828,0.315258644655657,0.055636256089783113,0.057534383105303864,0.08739158547007721,-0.06828274085006737,0.026561221293644095,-0.11111100506427238,0.07787192053568895,-0.06011657813797748,-0.007898606703917024,-0.003174366723122381,0.06539650221902504
1999-05,-0.027535055275623176,-0.044085899753633556,0.02784280895248522,0.06892938202638786,0.022358085273146484,0.08267962628501951,-0.07558601440594961,-0.0029597665790780095,-0.04392497786294133,0.02413496451836753,-0.11277397980654322,-0.03043884022452021,0.009517513351736706,0.010314520828076188
1999-06,0.01954241320978244,-0.07507442956495111,-0.005440232639193412,-0.03387806254349282,-0.06740737893652216,-0.043197133854385554,-0.08870786125532357,-0.03844137166409899,-0.019602655862089084,-0.02977775846648765,-0.04802060983811351,-0.0480192549779652,-0.04421951449050197,-0.06161749556883281
1999-07,-0.05288322143543366,-0.037917412754331276,0.01602304453685708,-0.030813715120519874,-0.049426656183479606,0.03518478822210299,-0.11443118893282478,-0.04219495703219186,-0.02592785651351352,-0.03709478201013718,0.0062096075377064295,-0.07283789129200102,0.09095072736201594,-0.06859495103596319
1999-08,-0.025662299515034,-0.010742700499475354,0.044610183524055914,0.046560026703004444,-0.0639788114073735,-0.015814216512483194,-0.08374272634290822,-0.035464295629493874,0.020791338961574812,-0.033028332654107,-0.08209506309927066,-0.04812378621235443,0.03125149553815964,-0.006492536659445204
1999-09,-0.04856000383174827,-0.014893775667012133,0.01593221237881558,-0.06494800775390529,-0.05153589582395892,0.0034056760806636475,-0.06045404051012371,-0.011340182118473223,0.05509930875955039,-0.022142762192140134,-0.03615657033272911,-0.05074710705157498,-0.003214602102145142,-0.015342514601241898
1999-10,0.031146248106704636,0.04483420238429827,-0.008265324207431219,-0.018950671060025324,-0.004693520455358497,0.011414650517807023,-0.054791136808147574,0.0302855093543968,0.07263195617728921,-0.007188007969975641,0.0345180219098584,-0.06937880333379982,0.1656481908429734,-0.018792598288515497
1999-11,-0.0439593264162312,0.00707159762522728,0.021762050897979158,-0.027136529714563023,-0.06867095028599127,0.022126333259760184,-0.10589239236503338,0.05957613083474374,0.14690977452566348,0.009365041502664944,0.023988803610136344,-0.07031582202263177,0.06887164388575549,0.023486387787918197
1999-12,0.09502726070681851,-0.07098689217158546,-0.0022075683914860975,-0.06291000947973974,-0.04694910984309696,-0.021534289324623916,-0.15102601740876997,-0.08840692138385176,0.0008531328187605402,-0.06582799778818316,-0.0762972054444355,-0.04214896692162208,-0.029863331549666788,-0.038447985233572624
2000-01,-0.1939086142594862,-0.025719967370084314,-0.0851150775175367,-0.14003203931801728,-0.22430199749002705,0.009208540696547078,-0.2722712358367506,-0.03889515659328096,0.17557609673027874,-0.16701604126947553,0.07155491792428191,-0.156652740305537,0.19049491107858552,0.029318575640239937
2000-02,-0.19987625186559063,0.05666599406772175,0.001527032172812704,0.06464041060973105,-0.11553654023223224,0.10742059425060542,-0.0052476184026508345,0.10652806181076746,0.14390361465930745,0.07404804310103773,0.024775528555856866,-0.018994974087073926,0.17723250430534024,0.1797716827517257
2000-03,-0.038296721012842795,0.023909789641524827,0.025775010393900944,-0.02775506960543023,0.00889996609695736,-0.08184154772614714,-0.004893156071110994,-0.2756145790220412,5.656862316732597e-06,-0.06119681523711575,0.011133602370334863,0.006869878696302858,-0.067162405954742,-0.22694354141523151
2000-04,0.2537153877294111,-0.007246709529658269,0.02740407838457761,-0.05043444633584596,-0.1185848883982073,0.030098151152406764,0.004140180162176873,0.03825805369722142,-0.14052029289718257,-0.018109207577343366,0.049176921766528756,-0.03528086401773406,-0.13742596634816015,-0.0061439295954664255
2000-05,0.029475030945606752,-0.10583401932099787,-0.11269032665777423,-0.07552697411685301,0.09749989914240828,-0.03159468742554946,-0.12396242278677337,0.04546022315470462,-0.06533323253209188,-0.0767042642587956,0.00948295136895232,0.10073715799273822,-0.22265379565732002,0.02963184237719037
2000-06,-0.1161734203788769,-0.021057020072005207,-0.15345993327553514,-0.07609704254054642,-0.1440859781378011,-0.1100178745584104,-0.1611352671705084,0.026988334544785397,-0.06789597251877892,-0.11528117234813455,-0.05395018839398173,-0.052661828920392645,-0.00020407770551318131,-0.07913539962580957
2000-07,0.024452583992261166,0.04759017046964741,-0.018921496258969366,0.030336942748428266,0.20443330528715298,0.03756675465512004,0.015429738575794489,0.104671960761494,-0.17759797167950447,0.009160003886286195,0.07406802346827343,0.059674709382706526,0.01109808799816816,0.007418127528313388
2000-08,0.03920654340441888,-0.1249184903435043,-0.1204755567734783,0.01747744837110917,-0.15280864869801855,-0.037573058617364,-0.015198414155348712,0.026001205271653477,-0.16014741095994006,-0.036520880604992166,-0.14366730934049093,0.04911783188833323,0.028187430701814602,0.021452927859089255
2000-09,0.06311682872041822,-0.005325133663597367,-0.05268410078229477,-0.11524903465041521,0.1352006026096585,-0.06777228105249297,-0.05113605018288674,-0.025725925734119665,-0.11156429698853408,-0.09273698515198878,0.20752184594062428,-0.015396538400584489,0.16276844154822526,-0.06193316694594421
2000-10,0.03866628313961197,0.01646716853617462,0.13030393425076453,0.11223797401868213,0.0700385680185782,-0.026110890430560838,-0.08137717010189234,-0.0986958863186404,-0.07922873079503039,-0.02337056689575017,0.053660522283474156,0.18614100592411698,-0.0033483213873048267,-0.013744779704562839
2000-11,0.17220042522563953,0.027710114194624574,-0.005426320110852095,-0.023281499183013216,-0.19468435958749455,-0.1044855486380412,-0.12457353980325413,-0.14664178112563633,-0.2000174374576894,-0.13116336204506465,0.01234628417633613,0.0688511721573537,-0.41084746605952815,-0.14480339829858277
2000-12,0.06728999483164853,-0.01688947526480214,0.05370390706807757,0.10390113473805825,0.07103145824570539,0.1031280285015737,-0.002856944441738074,0.0814775737678836,-0.13798864897709517,0.00855840138453297,0.059469901142951705,0.04101664623425853,-0.1513103813981205,0.001858111249721115
2001-01,0.18970771678856313,-0.09707886711951283,-0.05140144759813912,-0.09139071659679575,0.010044886652809861,0.0004757007177389558,0.03348646168593981,0.08353558200481102,0.007168714325427609,0.21556383575713448,-0.13427968654097006,-0.12046496235198026,0.1426962339317328,0.05666961172084196
2001-02,-0.11318011840015874,-0.06573522683298588,0.02208378243087359,-0.034411240202349404,-0.02216115051594328,-0.13304772635798306,0.06469490037184264,-0.07617563505137626,-0.24346094965310855,0.053530017887851784,-0.010561571691973243,-0.03420217874030868,-0.16381803303779358,-0.15236018390588654
2001-03,-0.03866192545831729,-0.1276041230115738,-0.0555351945525488,-0.07660944706341742,-0.06296894638723463,0.09765392785720234,0.0014181609000772461,-0.04840782109676507,-0.023349400692044164,-0.06122734896631127,-0.05967173462344974,-0.038491326297248635,-0.12981837194459178,-0.09935142029644596
2001-04,0.13095600242891822,-0.04371350269231257,0.13005628625021334,0.03306390213539374,0.06884881209928616,0.034609031939157105,-0.08795274687165718,0.02642551543130717,0.029805792029136854,0.183556066851917,-0.014114764970682824,-0.004481215751328075,0.2802356785467146,0.09201813599280922
2001-05,0.06445119897007756,0.02956356632228589,-0.006596661610868574,-0.03969226160960627,0.05148528740809334,-0.016720418458319685,0.0047959449014945135,-0.03098733747090773,-0.18438804150294016,-0.009922000455369992,0.02951030949145096,-0.07161517658119655,-0.16785262094620243,-0.022651287027046073
2001-06,0.026654079767269457,0.02177259600978491,0.042848804149236294,0.017488271477903536,-0.07919622717237657,0.01916357919111336,-0.005403730392314134,-0.06355908494276516,0.10256386513351336,0.025536250257652087,-0.03808361905986171,0.076397392634618,-0.09875325582585323,-0.10042690708126044
2001-07,0.07410483939902153,-0.06864332910539186,0.0045941646569974135,0.009215150414982857,0.04176107576726629,-0.10914037055098555,0.005280183414071594,-0.06834802268189467,-0.017883421503672628,0.06712554616080028,0.049230784785894,0.003222873847559322,-0.07360963138899315,-0.038828101493081045
2001-08,-0.083690784401547,-0.0429955208094542,0.05585570857998109,-0.16717969217842377,-0.16158428818186563,-0.004803524366291802,0.014847300327468034,0.0037987141945410446,-0.322508007809537,-0.15384897225206617,-0.06567493360175931,-0.05065604827661257,-0.099421920314666,-0.12699628131408422
2001-09,-0.2620698337223506,-0.22625348758568223,-0.22664373034033303,-0.2119445957936384,-0.3083469381392193,-0.4247439488458887,-0.4424838172287805,-0.30083648323263884,-0.1416885695432021,-0.4039510772543442,-0.11467954363936804,-0.10796792020533245,-0.2927114127016869,-0.30986984938705453
2001-10,0.07568121382664368,0.08945942259989219,0.11108873293895032,0.08943562674144746,0.1458800886915306,0.023562103242696156,-0.03423914055564154,0.05056348689959458,-0.003344629270317003,0.15024789242399794,0.0774419248701784,-0.013515427006883473,0.11836514919985919,0.29267897230532064
2001-11,0.10540778290285997,-0.010572240682726204,0.1696941057374377,0.11023897203001835,0.0814918818241419,0.06902072650322504,0.144522971997169,0.11329720427008076,0.08684688727807215,0.08394203051846935,0.06550155326656808,-0.05671360533949525,0.1401588703741369,0.18383762859183247
2001-12,0.16381429778147527,-0.0329602179391544,-0.01143155426991376,-0.0331790663660959,0.007179362765003786,-0.09308738478496838,0.08441749995642422,0.05712075497442567,0.02116616334239985,-0.016210967422278136,0.020197389302502464,-0.06604645284213999,0.054118433816258915,0.06861789270125417
2002-01,-0.07975485899366108,0.006448958141828448,0.09530495554629728,0.11413502481863826,0.1972423291271546,0.05415539858792673,0.09453887038652115,-0.012747953600436962,-0.05205142083320497,0.007705467032183108,-0.027092238016054926,-0.029350789267591545,0.05899356676483326,-0.05074902021212914
2002-02,-0.029279009971753846,-0.019018652588229854,0.005048658399430592,-0.0035557542895341414,0.03560740426380969,-0.005901955996302276,0.05825423086967189,-0.056179475275434425,-0.06990036575485362,0.007966330632738475,0.017451400291788904,-0.05876987334219156,-0.010966060230255812,-0.03395936754244233
2002-03,0.16542416881955635,0.0498865371921101,0.0467874314890467,0.04184913585436807,0.06872943748540689,0.0992002657821179,0.03953458524573223,0.07242098031966147,0.06077592209058479,0.12164807515425818,0.0005624314826175647,0.037479368747952095,0.0848527674632627,0.10487751713570095
2002-04,-0.09030247031281578,-0.057014727453981,0.01451349450638487,-0.027070339031115363,-0.052830393445175775,-0.05059487859338096,0.12467011206695292,0.014355223964318587,-0.1507720247596581,0.00731918334949282,-0.04344060094909959,-0.016719672243506453,-0.16079410423264107,-0.15317836571049637
2002-05,0.2767694014102303,-0.08666951079673312,0.07302241135206011,-0.08503320083426553,0.056164827134199534,-0.034457444066224086,0.05652219211249882,0.07151517737712772,-0.26563449596474314,0.013659540863468357,-0.08820987569957356,-0.046275480275452203,-0.18737388737756605,-0.07805757316722836
2002-06,-0.020390287283217685,-0.10538994811049625,-0.042029224578978654,-0.00926062675305434,-0.13085152962748386,-0.1937545387204283,-0.037628952538452685,-0.06451397599495544,-0.19417694147081832,-0.03251131877644867,-0.005236364133191607,0.0178330864073608,-0.23015786475454875,-0.029604612894545558
2002-07,-0.143500922367705,-0.2766539249504972,-0.17601205813517812,-0.24360010769815338,-0.1123588097809349,-0.22619278104936236,0.07338673561350748,-0.1521387046595977,0.22834198618468493,-0.12364224288477073,-0.16286986116568145,-0.20461888889587043,-0.15768105094028956,-0.12650290932374128
2002-08,-0.11786442021356966,0.08775988027606493,0.05567544418907875,0.006907895967165832,0.03328477810906048,-0.044450933671886364,-0.01330683075407891,0.15291722917603032,-0.019180670775572357,0.09870543441930599,-0.01870442856238631,0.06906000580847053,0.12086054005335839,0.06352198286003563
2002-09,-0.014145014594334827,-0.378109581367791,-0.10201959271503795,-0.2679446877263647,-0.15833204165836262,-0.4114828810188267,-0.20048071921995841,-0.23595541779127424,-0.23200712344759733,-0.29228459041218213,-0.40513249808245766,-0.15497943507260986,-0.32373167853230533,-0.2832350830584856
2002-10,0.24458363404133113,0.2184427351605591,0.07710268281072023,0.10999163903778171,0.027298067894253025,-0.10859777958539694,0.006510741785136956,0.12561220484512467,0.4730505366476948,0.006430306018968605,0.26329547782784196,0.07180604646908055,0.371972709156528,0.4022221676298229
2002-11,0.12590673256691037,0.01980100623343321,0.010603339560895583,0.1236853808634552,-0.10997233416106203,0.10699078903417356,0.06497554010899208,0.15144120854926213,0.05431064585166234,0.03868606388969167,0.06399264425004705,-0.07701882626141314,0.07444627290680515,0.0720274417115763
2002-12,0.005912313594062875,-0.18877425910113535,-0.09323055152027762,-0.1254899420335643,-0.23184318963586256,-0.17131293342413,-0.013756563856948097,-0.10836465548304838,-0.051064663444088304,-0.22719877094073856,-0.2052269368650973,-0.11181676864970885,-0.13204990336843642,-0.18699042892953358
2003-01,-0.10289643472478806,-0.22959659914665803,-0.07185015559012525,-0.20072623968659986,-0.14303610078933518,-0.20504263369838066,-0.010561924460575068,-0.12358606648940304,-0.082132792092563,-0.07611915967729777,-0.2448393594701841,-0.02643310534355017,0.0369284218279872,-0.08182429186670614
2003-02,0.022279372582270623,-0.09984080485016902,-0.026555708673187923,-0.2746475107029205,-0.051694722526085646,-0.10667016754851832,0.016718114648622828,-0.049907027819857244,-0.08145773909304935,-0.0004831256734320778,-0.048570372483739695,-0.19935864381979584,-0.12076380898072121,-0.03371940745312654
2003-03,0.13239244236964065,-0.22736711656470177,-0.008481334968074747,-0.011796223240611952,-0.005435249661935185,0.10986574871613312,-0.11756870658682388,0.09721806253402653,-0.018315308483903343,-0.025497079119383842,-0.2538152894360835,0.09180298199064497,0.02018211931258071,0.07363747250893216
2003-04,0.030202606127803143,0.21513789038432424,0.12772492282300843,0.14433386915910884,0.08177723679279363,0.2458802907778607,0.11351481058907495,0.13986695077591327,0.07872437137314353,0.030085717710295546,0.43481724275767175,0.1333448608618385,0.37662481979221546,0.12875769838328172
2003-05,-0.03913816552900087,0.012865083020476904,-0.08038220544925152,0.020102789493869806,-0.07486810754062208,-0.03804202361365294,-0.012065597041754913,0.06240332961829988,-0.015698903294712168,-0.05744129515629651,0.05421936158584726,0.0324941126035586,0.045402474048902124,-0.05329519484473727
2003-06,-0.011314018027423494,-0.009679634762712117,0.009461957694121398,0.1601296967065664,0.15237460480008982,0.16325662131909205,0.07570951119207604,0.14980718445245703,-0.003622358467343907,0.1671721847659629,-0.11903039844721662,0.08300707061925149,0.08862742018669843,0.02298934591692635
2003-07,-0.0011932786395548076,0.2252362048390638,0.12825225646667587,0.015589081845529642,0.07636229642067395,0.05702464426195206,0.12320791402856796,-0.0032957172968343246,0.03931659366496775,0.10311515767283677,0.06875059323896775,-0.0866585659243176,0.09381906847904406,0.1374314259468659
2003-08,0.021379687625468238,-0.14556746826114536,0.0008707866088885554,-0.07151089549026513,-0.012999299668313143,-0.012845513166984046,0.035754298134677585,-0.091526112620244,-0.06411805892739825,0.05382236929423996,-0.06582789729409444,-0.02874766001542492,0.06110227345567579,0.10164934912370775
2003-09,-0.03871771215489544,-0.14112873030196166,-0.09910682475264392,-0.10943044437453553,-0.08768392615162372,-0.03353173250825689,0.04586060045757006,-0.0696659123674202,-0.08234150195871802,-0.1497513071585069,-0.11154888833290094,-0.04747628404628175,-0.06220338024254534,-0.10211482438184974
2003-10,0.0538343788226251,0.14756979956663663,0.027732867231488358,0.06802277062085098,0.012277361149517843,0.23947215900305924,0.252076816480989,0.06600125688328823,0.061713356426153276,0.04469470070843427,0.16269061862836387,0.03809481960614913,0.12158929257832096,0.10568502495577513
2003-11,0.06562520732071263,0.049546800844275714,0.0512868372139899,0.08141210484540463,0.07127603314017406,-0.06884777837906486,0.022854549244819125,0.038011635742751806,0.026151066970806835,0.0279838122001521,-0.039637539949964815,0.11525681599410183,0.035250528017330744,0.027417447165257007
2003-12,0.013957154996104115,0.04476500927718873,0.057557801615779655,-0.01596853057607424,-0.05797573917082581,-0.09597659830511375,0.03113111164862381,0.10653318499069445,0.028901429866591725,0.13441817787174135,-0.06618829017969212,0.11677404064772529,-0.014898848115616314,-0.02835235568942072
2004-01,-0.0009915416821375503,-0.0037013571719440148,0.014819218589654782,0.01271198507068093,-0.10292113588511903,-0.061185197851644856,0.04035514663316018,-0.038800537517940104,0.01953091014213198,0.05307736379226255,-0.04523674780722512,0.023643803671791905,-0.034578641216865554,-0.039216115704159844
2004-02,0.010878151966595532,-0.08252064577864732,-0.03228788327240002,-0.0458054454590563,-0.053315879072964575,-0.043974790026256316,-0.010447771981863318,0.03750829918583278,-0.04349315206543846,-0.02561562513638495,-0.08913278962582168,0.04612151577465785,-0.05028458475710733,-0.04971795767668818
2004-03,0.05845237409208438,-0.13998019077401055,-0.06482370628127775,-0.10193697000987323,-0.08101366485058104,-0.15864444033087505,-0.04508701852127764,-0.009382068226072264,-0.0627036044215712,-0.06114552446184207,-0.0554374099201654,0.07399963291073598,-0.03447891018964624,-0.013840150209676955
2004-04,0.02763886290757263,-0.02750813134640169,0.044915614399247954,0.08716998233132912,0.04970024839525656,-0.024529790066178683,0.14818528983949092,0.002398397817838609,-0.02324311917119638,0.03789911644217197,-0.028614738815709893,0.004126122272876711,-0.04107071994921332,0.0025916023565124117
2004-05,-0.008417972437716914,-0.03680332279111794,0.02299512280468641,0.07326602698516572,0.007690098305220999,-0.04215581505683317,0.05697227461566268,-0.02543509133514581,-0.035518977847463516,0.01717353960266473,-0.06639992911525733,0.0063790657699086505,0.06829259644780866,-0.031222927527873836
2004-06,-0.05582885623872179,-0.006792896991310964,-0.0014417605759346518,-0.04432911127616731,-0.0005782588886349597,0.054365719664733345,0.03242566401993464,-0.016405110362775827,0.013092757870765503,0.018985132476018136,0.012688407086819148,0.01417159221717361,0.016387096465484585,-0.010597688919606857
2004-07,0.03449416328127768,-0.08121626895133031,0.002392462658930606,-0.05078312633164258,0.008013726688622288,0.030048276431972575,0.011828666914635633,-0.0907693915857682,-0.036169091744765035,-0.042208394508384026,-0.10599517386394941,0.05535727642358515,-0.004185634197262511,0.0022641136975168753
2004-08,0.07515289030232485,-0.02308509375443672,-0.0022122164015219844,-0.031594804786782095,-0.08131053037808487,-0.036661328432530345,0.07360982031336953,-0.036757277406735046,0.024107804670082507,-0.06875576613721374,-0.031286568236572686,0.02535601834717791,-0.1366423858887462,-0.020508342627749802
2004-09,0.029640970321634968,0.01337703820026983,0.05316689958083465,0.0047351850826564176,-0.041523703030452476,0.10002322087700526,-0.004082860869930159,0.0353456389238207,0.05181551131465501,-0.03287732186226129,0.006973437597176391,-0.05026210041120517,0.03866205184566953,0.06094622232761318
2004-10,-0.011499138960324342,0.02051199400407392,0.017345789352753965,0.009310372225237963,-0.006712515306689835,-0.03184417273573192,-0.012166591129874513,0.021067274504741607,0.010706059007737724,-0.012312846300816862,-0.021014932578841468,0.08557606610311587,0.01999185064141266,-0.0004557682839726493
2004-11,0.042047074495726436,0.014231007606346812,-0.022210442489925177,-0.016207847662493946,-0.08496647717376732,-0.007948632079496913,0.024205189227752937,0.002544073843945996,0.0038675519214088727,-0.026999056791021762,0.018702272353898958,-0.039728834442560874,-0.02263632365663671,-0.006320121524426488
2004-12,-0.015814624841440514,0.020665778935001655,0.020956191803900796,0.028785964326036195,0.019317880406868347,-0.029238571714181052,-0.01003732165270816,-0.005029292936011062,0.009577138849822552,0.017980382105104525,0.02532813241894345,-0.014789676461518398,-0.04862486612258788,0.01091420673428932
2005-01,-0.011088869335318037,-0.018855583709538135,-0.0010489374183258542,0.02622492937737645,-0.0017135085825228822,0.06883717375256113,0.12994705936526757,0.013639193833833498,-0.002521903708702152,-0.008303409481587233,-0.026407977761670837,0.09570717707839305,-0.05771990692124906,0.03963513499454667
2005-02,0.003929238297036728,0.00573992405971463,0.05510157781959572,0.08066625281702747,0.0019671206382722395,0.02228678058256563,0.033438535613991655,-0.019294419148523794,-0.047603234209400616,0.016197808389654997,-0.003002679154645923,0.020461866016577505,0.012122125775018384,-0.04313531694070307
2005-03,0.0763514254287598,0.027826534808250043,0.008109630277584903,-0.012646508885023302,0.08445025117629337,0.011726626647857213,0.09426445325149217,0.012417958074830647,-0.0022431058759997706,0.02103601606365282,0.01717829656044626,0.059532229857405854,0.03771101101862847,0.05200973958126937
2005-04,-0.003325394519788462,-0.04131103925190367,-0.03456185944653273,0.04647590180106898,-0.0003537890216971106,0.027561684011778855,-0.03330812884160734,-0.03621957857821757,-0.007379571417327805,-0.06756877141022426,-0.0753576630736204,0.06033019451132619,-0.026520111370636437,-0.0315130850340857
2005-05,0.04341366849848767,-0.014645571916565292,0.01686304339957167,0.04634229800653137,0.06654318115468187,0.03930645461458076,-0.030692313423282904,-0.013993445963885907,0.019005724702438345,0.030598325644296428,-0.0024958766888884517,0.02553323489243472,0.07527621479881137,0.029854271858704907
2005-06,-0.020957688178101296,-0.018647260409217957,0.0018333550781586458,0.01607852369917166,0.059942477500256636,-0.011858354329324297,0.03240751863075025,-0.002477350380412759,0.024225058734498442,0.02794661630512613,-0.021892396840325058,0.04034493129939762,0.09042078609054817,-0.009326951715965056
2005-07,0.019368340243390975,0.06863573132089953,0.056615645784645265,0.03860379841755262,-0.008106194074015697,0.01269928120699199,0.06134511240745245,0.07864483603868999,0.050605106426038646,0.18151921250982686,0.020268705960152143,-0.018613217488518286,0.00487625130541672,0.07247697496534727
2005-08,-0.020855065781867764,-0.019254341485569367,-0.021998941769453925,-0.012986416755079942,-0.0388752816736371,0.16895644162304468,0.021600798241623455,-0.025193724384909712,-0.04532968107935515,0.07089956575164563,-0.038822271608654375,0.01047237263530282,-5.995769303879858e-05,0.00021875454146054018
2005-09,-0.015118105014889433,0.061141908583210836,0.08880963051232128,0.02385884780333907,0.041309177694444435,0.05700155832631839,0.05281892250079618,0.0536755189022033,-0.0336853499229176,0.03419807359368615,0.026838448773351987,0.019482689706788736,0.02675661717285556,0.024748025242623175
2005-10,-0.0369218631104518,0.05103537292055175,-0.009564176727735104,-0.05709817905282566,-0.04462704576502338,-0.018307772579222118,-0.07595904198471348,0.023556450313421906,-0.021324716080267453,-0.036589384069258435,0.019142257892201073,-0.03452236945360887,-0.0028611426038906342,-0.0050718496560771915
2005-11,-0.01007330725884031,0.013059744875926003,-0.008482050079002454,0.08441786236211607,0.019297552886669723,0.0796954214507345,0.011909480304415646,-0.00860415390231709,-0.06503487788150168,-0.05885717831193093,0.08474586849887197,0.06423961423746742,0.043988618679843765,0.014420243515138235
2005-12,0.0422336347370432,0.005668754063997578,0.046941839059066966,0.022936737973163666,-0.0069168019896064595,0.018636631414868703,0.03448100188086545,0.012364990237076164,-0.0013863464907386347,0.018802644347823826,0.0030192619340743926,0.09436553246648278,-0.018546014038420447,0.09434538258525359
2006-01,0.05257606077546265,0.013285411517319335,0.013337709769515437,-0.009217869779685051,0.020201378049847257,0.09533259457716756,0.08310902760424481,0.0826711575535464,-0.06837486791715883,0.08328511404412636,-0.03622217811126329,0.08766815696498731,0.040258964323888466,0.027842000027294977
2006-02,-0.05151802908412732,0.041127619592270216,-0.051781073517455777,-0.024391376962831113,0.0632208204849064,0.05374959402145641,0.04545502105083512,0.03135656839093895,0.005419165451082065,0.009493960583048057,-0.007318684380975559,0.029583803395249266,-0.0005406403412124237,0.004108251490114168
2006-03,-0.029327169451329328,-0.03862147801531527,-0.003960976088276248,-0.020230608361367537,0.05306773486019718,0.01508677676768939,0.007665180896548791,0.00830973145410581,-0.00022344256316074562,-0.01107010429155282,-0.0222727139092368,0.0032864765929922234,0.022458725086072474,-0.04278069108963888
2006-04,-0.03725750323488476,-0.0421119959032672,0.06891814515617295,0.07211417799522521,-0.05698676228056885,0.0033295896776280305,0.014637998238409625,0.033046079677511456,-0.021098031556669367,-0.09252763445644717,-0.04865077984809861,-0.03928309083884618,-0.07646282753494768,-0.032965484700461165
2006-05,-0.06631105726538254,-0.05834180430418978,-0.03898133272754251,0.03791630138055617,-0.08418239595271357,-0.10943007278446425,-0.11008117546085908,-0.06041627361097423,-0.0762870970290594,-0.0491944559509564,-0.06285987526066691,0.0006560528391354754,-0.04168669704337515,-0.10139896606167884
2006-06,-0.06938261043180119,-0.00279701042915289,-0.04077652943439957,0.03279024554850347,-0.0785393310828159,-0.0934992927271667,-0.09766170399216101,-0.028453466661409417,0.0012708323864934249,-0.06004248790392206,-0.011748383040777216,-0.042097639409380334,-0.035530833952649936,-0.08565616019089871
2006-07,-0.003599953850709147,-0.013268726273685768,0.019981507391823448,0.11479932255613516,0.034581059104066864,-0.019689304132331185,-0.02792740072746296,0.033034236875886865,-0.012910152610848491,0.023613291983427383,0.022765088963970618,0.07673638983813351,-0.07201731470492585,-0.02238933108745871
2006-08,-0.014836065561277003,0.025673921501233172,0.007642481085862985,0.006937809053542918,-0.023997462117027333,-0.002971985307973646,0.059094728758253556,0.0007799416625444268,0.024575685903315034,0.010678609510010604,0.07092577571884877,0.022686108979378027,-0.008384359087693354,0.015439841010335973
2006-09,-0.03793646934657014,0.022835795630585114,-0.0247701069340304,0.027568224176212727,0.033726466268430504,-0.05705000793313869,0.0005259772283637489,0.057431266122279695,0.09941893767016763,-0.027476839426155808,0.035721018384211864,-0.005312368187160545,-0.008583553310430139,0.014466508304637256
2006-10,0.042439501393407617,0.0687376325788614,0.08853329760838431,-0.008793180558490137,0.07333976410410893,0.03141290345564637,-0.0415779157996955,0.05111105553178676,0.09555949756284035,0.17529119998470943,0.01190739715750079,0.046618125427830455,-0.0216049686162583,0.03410202698711969
2006-11,0.0029971591948433343,-0.02089040889913849,0.04085669832554124,-0.012708534693097736,-0.08362870751377358,-0.05710973297525382,-0.009357467446765421,0.00023566259910816023,-0.03644826905765598,0.010264172985492292,-0.0548314152731204,0.10198004683525419,-0.016812318517546,0.021655841381306756
2006-12,0.007666930358156466,0.027819091837180655,0.04442787609541923,0.020511986405155006,0.02059401251280132,0.048576572022335486,-0.015008002502255422,0.013098608517592565,0.016335178684692087,0.016925258484376125,0.013147139904313116,-0.02377782185516905,-0.01707982330073202,0.035562220401990516
2007-01,-0.029521576576015323,-0.018955980716619875,-0.027464954877586236,0.04729670875478006,0.05476096691210536,0.09356025346179365,0.024735644671646087,0.0614327088511755,0.02032192285939176,0.0004550876288589864,-0.0665519581962292,-0.09201837917537546,-0.04146895116221164,0.06438570022837962
2007-02,-0.03415764083408092,0.027837007528031258,0.012805979367251174,-0.039086957210422144,-0.0289537253483431,-0.01403177987220865,0.0077795814517307915,-0.08663740764836013,0.011466799668333034,0.0064298928321764575,-0.02323515828398541,-0.06447257058712365,-0.05239598123911264,-0.05665238554821621
2007-03,0.08124101298234129,-0.1021469780592163,0.09587963591434544,0.01776832939566805,-0.05803375869140971,-0.00655422188078041,-0.03429425497952792,-0.057889314365715996,-0.060694670944579,0.1045122193718881,0.018844375945374605,-0.0007259300955979997,-0.05434505147668206,-0.026540618149457303
2007-04,0.013410682571033875,0.06780517041671669,0.060634269228411176,0.055538379472529875,-0.0019462475034000674,0.06191485904095248,0.084904777800467,0.12176124942527677,0.07116397129339837,-0.049491993739380825,0.047534959545951785,0.002128501630091048,0.0038515198258658716,0.09941503697690215
2007-05,0.09793237015489356,0.00502249531352414,0.05040361782117258,0.056901511191239075,0.07647244233380854,0.0262683408246288,-0.03073603239525063,0.05942634508884358,0.06622079487951667,0.11018745533365341,0.039928253494715,0.03651359754548748,0.02104380490102648,0.04677937588050513
2007-06,-0.028040301537511206,0.03769903518542419,0.0478294654469307,-0.02612392476099594,-0.010766830460559776,-0.02779072530873206,-0.00875599384880871,-0.02412832250966996,-0.002948328765155141,-0.005576454937731081,-0.040903388398229164,-0.042513979445378894,0.025876060539906227,0.07633829941138981
2007-07,0.004396400884088133,-0.09929277255251337,-0.02148545077771112,-0.07549593682616827,-0.0705513715651051,-0.11024679496689377,0.04809761841646199,-0.06261698877889073,-0.06758102625842101,-0.027984347098470544,-0.06410767141585734,-0.013096455464409776,0.0017461381583346652,-0.13190834888941164
2007-08,-0.027991981341535306,0.042211506623636194,0.11500754456611809,0.10949244991976122,0.0332583971608594,-0.0038334316848890955,-0.10520491807294427,-0.04342537631999732,0.07905974750724683,0.02128889117379071,0.01729375397313749,0.06007791495095404,0.022892780181925216,0.007959086543826571
2007-09,0.009813349241516285,0.041766902868961474,0.017730825614046448,-0.05303620054233229,-0.055151702667709586,-0.04997875612489386,-0.022097462077433398,0.00491476087186881,-0.004031001442824976,0.04270319802942235,0.035174947004083086,0.05388464360326313,0.023289320068572417,0.04953722418138046
2007-10,0.005879183201808474,-0.005799181889435523,-0.03123856015315265,0.042578501359608084,0.03627666775307675,0.059031726869296273,0.11449292857590944,0.012560589384133418,0.016298165436993254,0.0856388837524228,0.008225808018963663,0.06025052462945167,-0.03336799717505469,-0.011941603307541652
2007-11,-0.020401055126532855,-0.1291172156997278,0.011695162574056174,-0.03057602904460686,-0.11132363048787706,-0.17418599765256992,-0.1970103691463612,-0.07116161492993851,0.07829747599262564,-0.05014062810692034,-0.05844774076529722,0.11058388949175753,-0.039461480283748615,0.0579595096564739
2007-12,0.1480291414704466,0.06417937627326856,0.047160108942460546,0.0617621990064302,0.0005574977022964961,-0.03400588427380321,0.028847047785174107,-0.011844037121266183,-0.029927013611118224,-0.05720961694896291,0.02435677788473305,0.03541525842579503,0.04507602243038085,0.038311648716915725
2008-01,-0.11733705675969514,-0.24267681713676695,-0.1167771812669984,-0.11251462080064362,-0.18369806382819243,-0.25668733474491634,-0.20699199952847097,-0.11444842933790474,-0.05690208752667265,-0.20666473613878536,-0.10411340863104598,-0.1567428448961814,-0.029843607003112498,-0.20278897368183788
2008-02,-0.03898353518881663,-0.06032109465831238,-0.040275893092347345,-0.08248112189469682,-0.07562478948589445,-0.06734046383017676,-0.09484328011143489,-0.051951922948297036,-0.10525146426853994,0.05308289348079147,-0.0768704409097122,-0.03070317059183752,0.006228185661001832,-0.013713530570169134
2008-03,0.014670457375065275,0.07825667665842038,0.01226249070797096,0.04922777968445646,-0.025955536600298066,-0.051397599960515204,-0.01812732380940895,-0.019807223250316565,-0.1568961178217052,-0.0049250440319906184,0.055118078439675935,-0.023918080790961513,0.03570435043145289,-0.10166693092191456
2008-04,-0.10150658100990605,0.08234704329919063,0.09375260787890785,0.006458109085289954,-0.03962770776171241,0.1437017897450503,0.21912374841366722,0.096312144299655,0.06869418179660174,-0.08288303499206616,0.0327117043717219,-0.000149933065692371,0.06369165572079057,0.012393318476318598
2008-05,0.0670133208294562,-0.05728433299403076,0.03669297212503139,0.015762946347634508,0.06276921137900073,-0.016959635540123086,0.10968349312890681,-0.08117845888174799,-0.010959764010982812,-0.02713037366116188,-0.0038001571198326527,0.06876622208437273,0.05874675919644435,-0.07448821126348676
2008-06,-0.09880008391385646,-0.08011128490089268,-0.11432304653778184,-0.0636257264421266,-0.14097045361885563,-0.16654266082698949,-0.15229443096637307,-0.18649668589483112,-0.055759704155041265,-0.15142757814063082,-0.05107793340167764,-0.008823353172669869,-0.03659877647045449,-0.03467075692475735
2008-07,-0.012836169698953705,-0.05018649770759049,-0.07155152004890551,0.08427182512034105,-0.049310088128506104,0.15258798843217242,-0.12360365808400502,0.054843674848422785,0.08553648567880452,-0.08080718692945732,0.037226156360019365,-0.024316673612519785,0.05683149321235022,0.11797572246806673
2008-08,0.026082262495209514,0.09263209603712266,0.006339673898080107,-0.06781576083519056,0.1263464484372707,-0.04479331551772078,0.025380401720027937,0.06757912182864682,0.01492927783407013,0.09444469819117045,0.0687404860433081,-0.03839479077486674,0.01695444829010222,-0.008486125890473418
2008-09,0.03358556323746678,-0.21248753712155038,-0.09854290251165145,0.014153717515854949,0.017912476168722682,-0.5239933551117087,-0.09770205662499715,-0.14388906964080986,-0.028490447038239258,-0.03251575047963817,-0.0002994769212612326,-0.07256158005857878,-0.011499627906302178,-0.0605404282512706
2008-10,-0.22638194086608832,-0.4251428170327925,-0.4027986565490488,-0.11955998042240071,-0.24481956804822474,-0.477568567351923,-0.431028043155522,-0.6112621982086667,0.15516768427744948,-0.43192867165129833,-0.12181021078221481,-0.005402555065642357,-0.06855977010299417,-0.2914507201649176
2008-11,-0.0855764706857492,-0.01515572764070992,-0.06176121543834412,-0.1051691177851857,-0.0658853496528402,-0.5057734985814163,0.05127296181959029,-0.2674369656609795,-0.026876788059326653,-0.11172903567796169,0.05376834127525479,0.023735131954053832,0.02313363462237033,-0.04468633907618397
2008-12,0.11473669977093542,0.26766716738599194,0.06115058105861751,-0.12398307231818323,0.1501823219240184,-0.257735322452314,-0.2957569238962864,-0.0715098201840631,0.01054868238413842,0.10755623471176459,0.05055052311532872,-0.032778164627565345,-0.0608543729408409,0.007087644038350825
2009-01,0.00140239701517882,-0.19596378189763253,-0.21561657076546445,-0.10319434287999968,-0.17340636415526103,-0.5840196144533373,-0.587301426526029,-0.24763213782490115,-0.10444854649493382,-0.24620496625129834,-0.16610781553064236,-0.08402447745886127,0.032502880633201996,-0.26087173553811865
2009-02,-0.12964591044862148,-0.2022565765406979,0.03569511587033035,-0.09222436743479709,0.1814329857792776,-0.25318854380879907,-0.1316030555720142,0.04710112249840169,-0.035048778359209214,-0.13095932740222843,0.00827369235082979,-0.18457906529541507,-0.046374924287317626,-0.06151698319163049
2009-03,0.05276444871757894,0.09192430870289557,0.06971640774687575,-0.12313046438302433,0.1254680598954184,0.023856121021865163,-0.11002302411813449,0.3894871152607787,-0.0330584681517986,-0.05426805598926702,-0.14116157686030473,0.03554166373580289,0.033399219908429256,-0.006353919423353158
2009-04,0.19906424895932612,0.23539783875657114,0.2786257328648039,0.07073214314657326,0.1841481631378571,0.09500357069379836,0.5761414539210304,0.3107205513735094,-0.07183771167260661,0.39545910906790166,0.25688037396724916,0.07743724621530682,0.16616610267801074,0.19937416402389224
2009-05,0.023229204238052116,-0.05469766882514182,0.08206720217281548,0.0634350447011322,-0.10767475273610765,-0.12030474812672562,-0.0633851465557237,0.14331020384278675,-0.05279700290722989,-0.08192180500131144,-0.03455082999155628,0.042519891090287996,0.062413067468044876,-0.011303848403028205
2009-06,0.059228779003219656,-0.13177502930505344,-0.07916988534406291,-0.08413656503265203,0.06287623683319406,-0.3028187049280634,-0.1891779021138607,-0.10921654151668217,-0.046755693783347804,-0.027672582914589683,-0.1109612275223745,-0.07580622289494965,-0.07379969716760731,-0.04807404286891032
2009-07,0.07113833779915638,-0.04412264695572,0.19963991236564957,0.012733134431672986,0.15247066929407693,0.10155515218080681,0.2800410287439247,0.02771905243150948,0.039538810198725294,0.2091431034295344,0.08137417658581998,0.007449247294501774,0.055962567000135195,0.06967101589661186
2009-08,0.11259079383935479,0.16191561243201175,0.11297269414225034,0.00477441656712824,0.040864271164120225,0.17058841479928655,0.13081726925357123,0.024434169611908762,0.005185645262408907,0.04434918623033848,-0.008744899818400695,0.05219621170388479,0.027179174076631323,0.1059424507026685
2009-09,0.009748702574043368,-0.005519558999440676,-0.010774791059929033,0.012736034026656564,0.0031468962772478746,0.005152867550112349,0.1507968689616851,0.09754761113548652,-0.048673746763118725,0.004267049602971927,0.008476308488752108,-0.06952803361180995,-0.007901497505353513,0.003968264673442794
2009-10,-0.18253382087426462,-0.10467991826720463,0.037975491542530736,-0.0063982628540545745,-0.010510033019202407,-0.28547662353560066,0.006629286081868791,-0.12968510930570623,-0.04231315143233605,-0.04686903126511954,-0.0651814473365757,-0.11235366560481433,-0.05756282691232375,-0.07821570068166904
2009-11,0.14467400352041598,-0.03130606871681793,0.11243147602145503,0.10992360666578663,0.04099633545388323,-0.11529625821313826,-0.10115133441417777,-0.0858206698789227,0.009109688014701342,0.031394925081642204,-0.03945832290396831,0.012555800409318604,0.03743114155868806,0.06285355335813263
2009-12,-0.044780823540053284,0.01021368601067758,0.06478731830044061,0.0809978875426366,-0.06061672847293699,-0.14293526262838627,0.10283302338169371,0.012904993088090377,0.024998476625330914,0.07120543028066133,0.0047333708758633105,0.08825938838211098,-0.00035755329010819396,-0.02094129689392556
2010-01,-0.05952244330839766,-0.10817895218540462,-0.038188278791668626,-0.07756041868638282,-0.057360265604585466,-0.09173771102664958,0.026160108017085553,-0.0840584761748346,-0.06862742706111011,-0.08200169954761345,0.0008299602320235488,-0.06622760834384284,0.004484867275562206,-0.024382921163830115
2010-02,-0.04623421323167331,-0.027056669665266198,-0.06298497283649208,-0.00969183572695851,-0.07977674088389912,-0.013972709856085251,-0.2473338177767678,0.021967029762827304,-0.05813366395192837,-0.15312535828945356,0.009231252805643997,-0.060793658210731176,-0.030161446725718653,-0.05113717035923596
2010-03,0.12477252087262748,0.034098360628267814,0.0943535239543384,0.04051797452473997,0.08925257180312261,0.10447878567636344,0.06246535796637052,0.2475895641099204,0.041552821756411305,0.09085393326390534,0.051679630793763705,0.026166099037435206,0.09444375598834255,0.12895532808405638
2010-04,0.08913434963008213,-0.1089113389343404,-0.03338462112837622,-0.059197349688457565,-0.0004990914539305026,-0.10227621391016543,-0.014901299383580768,-0.08904555702535968,-0.06379627174230593,-0.013592362119802288,-0.08583873961553881,-0.05989734741554816,-0.019059822875560396,-0.03501303670075673
2010-05,-0.104736767457859,-0.018877606021002694,-0.020601257849060438,0.00568328603625764,0.030740772618601968,-0.08562350281754952,-0.11543617634417452,-0.05814440949018297,-0.03189981095941812,0.08470212727360664,0.0035627455881983676,-0.08022339902568718,0.028069791061566512,0.03455329544380308
2010-06,-0.07749126449957451,0.019169972271373372,0.01702235508634162,-0.013338100139487816,0.010010151128179025,0.0055821663873522175,0.017457612001475314,-0.03300354598266704,0.08003404054510604,0.019738839685029586,-0.024946633812220734,-0.07933521785978988,0.054223897407018586,-0.04029967145371244
2010-07,-0.01265666402708509,0.0755395631072803,-0.051373206666205706,-0.055517510895348954,-0.018163733799389726,0.1888433799990246,0.07919940580336553,0.07752057967752281,0.058154037486363115,-0.04893110270904188,0.009709738083938603,0.009598828963538048,-0.06209181782040771,-0.053480674067615794
2010-08,-0.01147862561736305,-0.09601133415141265,-0.07685975095767797,0.07893311604753304,-0.011856934553365952,-0.11447978948799684,-0.10492125575344069,-0.059913451065131025,0.02191212682692989,-0.06783332812522724,-0.06480588157294204,-0.06142613409334776,-0.029894099221214235,-0.05020708000491066
2010-09,0.10932744075008932,0.0028591464579615098,0.0775683559724986,0.04138372393967117,0.25470820425425034,-0.07183701638060654,0.19003424880945208,-0.052892618702584666,-0.03791716617097057,0.2525251616456263,-0.05697657178491572,-0.05463072406851894,0.02279314677333187,0.05224874604855291
2010-10,0.0339050303431846,0.05412552189323595,0.10424690103042997,0.08418371760501492,0.009052249104971056,0.033042597351151545,0.005297152451561951,-0.0004055492758045404,0.014540478716614532,0.024232437916325227,0.03220900521666917,-0.002627436687221747,0.04173457979481236,0.10774568025968324
2010-11,-0.02404108852405818,-0.08497161594840132,0.13571218057962406,-0.008313253920232142,0.16728498350948026,-0.12993985959561957,-0.04071039948416561,-0.1542859269817361,-0.053703332942526216,0.03413917928596517,-0.09468023360438747,-0.0701500423183996,-0.039335065013659395,0.01850850832703649
2010-12,-0.014230927108322014,-0.0005537095520710292,0.01776091608846653,-0.05949092726479367,-0.01239686346563814,-0.06318122037419723,-0.10495835315188717,0.02723852580680069,-0.0306957769469579,0.01604629519303524,0.01701208283601416,-0.0032880063646600305,0.013082788115948466,0.08245576971476161
2011-01,-0.09414127596841632,0.12497122784276458,-0.0827623924809604,-0.02428383135995733,-0.06954318608518756,-0.02002749848424696,-0.1130267655523033,0.08442776102622646,0.0039513132521293015,0.05120963674069427,-0.014009997939597292,-0.015685749446314682,0.083378129944183,-0.04401975640426466
2011-02,0.03470511385230314,0.06003607189870059,0.07244240137626291,0.06291736111757121,0.04078611088560767,0.05503103381909576,0.01544218891954966,0.11054479513699914,-0.002769702775861103,-0.09239110741353702,0.032464190195282405,-0.028400715668513543,0.022418616974290928,0.02928952509860527
2011-03,-0.043159357574730974,-0.00798423020026776,-0.028970546105223868,-0.05474762642984054,-0.03781584866587569,-0.12493472317383215,0.013427427827489898,-0.1304882727795658,-0.032783321638759216,-0.019973653708721173,-0.02039410887306695,-0.010477883058950792,-0.07827325821269347,-0.008962932888774599
2011-04,0.08211416794420903,0.02225490180469786,0.06348900363042591,0.07276678344548945,0.05871892209126993,-0.24589280089020513,-0.015753955436298362,0.014224265612395277,0.03686186078900601,0.041867846586221474,-0.015412944777644155,0.014010293314558137,0.05000234519589483,-0.021358377160411265
2011-05,0.032285008111077824,-0.04909982399914429,-0.07606072275862127,-0.05183706509964516,-0.039466464383366755,-0.1451974158234653,-0.0012142671640037815,-0.06139269960387632,-0.027289863917621743,-0.02502614536004805,-0.054401575294564825,-0.08991617744821781,-0.03758981646431213,-0.07175263185221407
2011-06,-0.01346309331702344,0.006585047884111127,0.04482473282629156,0.009576534156539912,0.14035248471342604,-0.13748318740528767,0.006747812561034202,-0.008220636860078604,0.07088094192373623,0.03199051076443103,-0.03140919908864518,-0.08875800652869516,-0.009756738556480635,0.015620947666464073
2011-07,-0.046256859014090844,-0.010035458598300262,0.03363100833997142,0.055053384280039294,0.04850759943190348,-0.1360445487923045,0.027066418915907914,0.010475789279033086,0.025132771140272424,0.03426709724195067,-0.00010356348896743578,-0.032827893124317796,0.0779145668709593,0.03590265085838053
2011-08,-0.11682490974249088,-0.2561592846211881,-0.22426806026399965,-0.21185767368515643,-0.23110351009751356,-0.3976516306141662,-0.3201556207488063,-0.27447651217313196,-0.18699665270145605,-0.3035717761923107,-0.1965209108219211,-0.2826447815742683,-0.08526511799000772,-0.23415085562040464
2011-09,-0.017184747946122018,0.08816752784901706,0.04833103530486985,-0.09006999361887852,-0.04298822885223737,0.019284534934474767,-0.11563984088334393,0.060265265507622595,0.05296832381769511,-0.09169175509483499,0.11584279906750504,0.10575702412557647,0.06284371978463522,0.03587731236713328
2011-10,0.14048587674775556,0.1566823735820053,0.11300464509260552,0.025210857380889264,0.1801329538617541,-0.10994213723213603,0.17555341288638016,0.015973050361366318,0.05057727843922379,0.06860928055657607,0.042984475396188396,0.082108481594544,0.12034944958894847,0.09925981285300257
2011-11,0.03473524584846926,0.049212428499198546,0.11831712842276423,0.04936461619200426,-0.019790787238665675,-0.27920089072591475,-0.02400427970496766,0.02892562980257782,0.12343437282640252,-0.023643278169629005,0.0308639127721638,0.06120196768415336,0.0864713136598555,0.06305088198261694
2011-12,-0.11044622794276134,-0.09327285451143985,-0.07682632670944156,-0.05093664607349693,-0.12116937059923717,-0.15463834097658063,-0.16065829507452126,-0.059122468826445916,-0.09676206435144924,-0.06627401093426757,-0.06054136766084933,-0.06576996277838641,-0.05382364191266496,-0.04926302432042178
2012-01,0.07914200572128596,0.0955766424836254,0.05331444276222483,0.06212330298152854,0.19069258019584698,0.18263142755447342,0.1632182641446428,0.060872446874173806,-0.08293017465612262,0.1613288218536507,-0.013188035733283624,-0.01978237124090312,0.10822824110207348,0.04741106793806866
2012-02,0.023321945012022838,0.04747949780049178,0.06724128617041694,0.03802737693568477,0.036052315025428,-0.025206440044117984,0.08209941576246543,0.030633656598067945,-0.031434195571522376,0.0063752444278967705,0.056633284521618234,0.05559517819936921,0.08958689401454763,0.029462130167716455
2012-03,0.04599368124973891,0.00278618077748664,-0.010634799305130227,-0.06129810921009265,-0.010000682986615137,-0.09381324661070804,-0.007601593642872829,0.028664552498817518,-0.009165528833592755,0.012695797114315876,0.020760658730608197,0.01374132023068529,0.004959616269069307,0.004726876607723672
2012-04,0.03598832162084728,-0.04567782737475732,-0.02009922517507564,-0.02352804990206335,0.06510180692252017,-0.139138794384868,0.04502729682473369,-0.07501966724227647,-0.07133223478302186,-0.014604612023650052,-0.02671980014991464,-0.03776771478824652,0.03927482797308297,-0.04536737036421371
2012-05,-0.03902442262138995,-0.07037953290085153,-0.09680957570981344,-0.04542298589024353,-0.12518588412733148,-0.14234634925226353,-0.11775023833336168,-0.05774668191206151,-0.03444344943984281,-0.10754341792037517,-0.0566440138362447,-0.059905359686578855,-0.05467939388771909,-0.05183661438585908
2012-06,-0.06203907679911549,0.030788887325578808,-0.08259916209379513,0.046958599996437984,-0.13424827443088852,-0.012504774779351633,-0.10128265355917006,-0.07711693075510045,0.05415844376589556,-0.12814167577925512,0.05775421354633787,0.05756353226106842,-0.027514382184142747,-0.053525388299975815
2012-07,0.1146087537675346,0.03418846935731009,0.08423099378882568,0.087601110819881,0.08531898684383851,-0.06257776484852895,0.14853230592362027,-0.1066976238882539,0.08904079775320041,0.1362189336934326,0.04005216543880456,0.05725312308743979,0.06194544011716795,0.06897540106790442
2012-08,0.018743524209948507,0.06483029338845658,0.05338772510939478,0.002451003988348163,0.007369042719834837,0.06164688172811604,0.019905698470478603,0.19142107832870758,0.019894115094253265,0.00011665052531491773,0.02986785229259383,0.04611190591287592,0.03722605715459714,0.07455455099792022
2012-09,0.06104764321955322,0.0757992741873978,0.058279594249185815,0.04989192674427348,-0.004103545072876393,0.09574635723318277,-0.001858642542681546,0.09014415217335375,0.031793762587297686,-0.04440891143959185,0.028086872173986175,0.01883004480327123,0.03631876428222388,0.027297648759790537
2012-10,0.026421804744578208,0.051033274014135634,-0.05171632303077112,0.0008133528284837895,0.06473655022640949,0.07015657003893921,0.016567984435704744,0.11331456133122081,-0.09579363939894217,-0.01983816914400849,0.052244793219892505,-0.0014525810798720813,-0.002388174703173573,0.028068087463330015
2012-11,0.0709163335502571,0.032580807341320184,0.08109390317685883,0.017916092512316146,0.08171460972597483,-0.08129615035551781,0.09002975591652207,-0.035165916695436075,-0.06570576702140217,0.030347606992283643,0.02319695046339731,-0.08288236572661334,0.017490201290635297,0.002151580933201605
2012-12,-0.012733021068415853,0.0410463287364152,0.018279133012741134,0.041256441980757716,0.05224972873732933,0.058283164791543496,0.029482966871249985,-0.0062389732496876404,0.05253892497145968,0.07954973558218574,0.027982829625426642,-0.01107741748011582,-0.023313001683100777,0.03828077699272464
2013-01,-0.00954440340773281,-0.008187807830808103,0.05127685940278771,0.02726374198995075,0.024833638590941735,0.015574227462969579,0.004147988035826733,0.08828206543004817,0.02096641652833569,-0.0006424450277222289,-0.01398242525900106,-0.0980545422704112,-0.030820601923505005,-0.01272670594020601
2013-02,0.038849088047928894,-0.016725231451219413,-0.014654527740237101,0.10525580956890816,-0.03406307346622952,-0.0978162387595439,0.04525355844166561,-0.03691573934524289,-0.07948198222013533,0.0587305166929062,-0.010281295462334071,-0.001933586417610428,-0.026666400462670943,-0.002972121792544574
2013-03,0.12630497189356715,0.01343689576162248,-0.03945720279441566,0.07142106899088994,-0.08646004501389272,-0.23986880181293496,0.003929525701469094,-0.16084872037244655,-0.0028934943575929586,-0.0766510331081238,0.028121292142860542,-0.0007127692763109717,0.050051227468322856,0.04655856397950068
2013-04,-0.05299230957204238,0.022516947973912325,-0.021105359935425953,-0.02429629166783678,0.01324346857743024,-0.0385580626944575,0.006834084821528696,0.09434859340209382,0.04827075230669404,0.03559742825025924,0.021249757210726253,-0.09336632338168406,0.022726415352044785,-0.06052546750888839
2013-05,0.00839523961242219,0.1038108689404153,0.10790916460043919,0.07121737118269675,0.09193189567290473,0.04623008130524215,0.19072527258782138,0.04404431034227667,0.05762063347375566,0.302148151934868,-0.031401013838414996,-0.052637465352743884,0.006209023071751196,0.057106019867587794
2013-06,-0.0495423945430644,-0.057576963966720685,-0.049445967759702836,0.005867565582821811,-0.07755581314950794,-0.17769413019778957,-0.01099862838045703,-0.0891240299121234,-0.030016239007093704,-0.03357144585910101,-0.004525175674967528,-0.09086082905535271,0.014929182987589227,-0.04411662920725736
2013-07,-0.05094668992674004,-0.008771773153220655,-0.049637353327538866,0.02282144462520772,0.032909345958044595,-0.12555358353664567,0.0864981882328707,0.01746821898694237,-0.030463298290320743,0.05359764035069605,0.009618721247285418,-0.14609592457634743,0.023536551569969606,-0.013324001390002619
2013-08,-0.04253169414616472,-0.07972064582126945,-0.013287290463990855,-0.048231649708131444,-0.03572084707625857,0.26824862809379013,-0.03132045175668211,-0.03646583259662743,0.04581827646693841,-0.005558319732239421,-0.0475848098600998,-0.08275523264409043,0.015457202526686035,-0.0028826076708170466
2013-09,-0.021659321039986627,-0.0018715210949298555,0.027829024939615143,-0.002097983166762301,0.012249788308030904,-0.07210318370038979,0.047683552990166196,-0.03869720013579959,0.09094294656880864,0.03886047217070687,-0.045144210868507284,0.303227613355357,-0.04194905503941368,0.08201863376050626
2013-10,-0.002956883416729139,0.07164464395693436,0.07622310315120451,0.04966827876628612,0.03841876372201974,0.1503032380603779,0.09078204770834707,0.11745869354106771,0.08489252989961715,0.005798164807426437,0.05259489369606202,0.09319421347684285,0.015243935395065003,0.09103054860188524
2013-11,0.020790904296666923,0.035155993242344835,0.03750592157922813,0.055093761453019904,0.02436214416360695,0.057285293314070417,0.08731902309407595,-0.005895514825191609,0.06081729367497386,0.017165915958320732,0.0012555390969035613,0.1243783965689585,0.018366809844051483,0.07003825441617054
2013-12,-0.010726719309436994,-0.019859056502237047,-0.047031167011618955,0.009545944624682981,-0.048446767154397406,0.004705438891182368,0.03076520348742707,-0.054225084924238824,-0.009328769716444656,-0.01785613060460962,-0.028098094037758023,-0.045517162097508335,-0.002182438109925576,0.0035898426483242916
2014-01,-0.14546219434229557,-0.06592713790633838,-0.03277038016909455,-0.05844821335559651,-0.08575145277721828,0.020833756101720963,-0.04109563406705768,0.05621066994881004,-0.047221327084110865,-0.0517213227859995,-0.07494692052705179,0.007447230315644218,-0.14451135946487448,-0.0307488549730917
2014-02,-0.020194544246579224,0.05987335839998835,0.05531746447612814,0.07654804253809677,-0.00886068913946148,-0.029238242620540603,0.08859513326514397,-0.031996366347778464,0.025607647494865653,0.039877136026635715,0.02092914139759208,0.07532690039055302,0.04882791587696928,0.03797548238215156
2014-03,-0.049448339219071366,-0.05140965963881221,-0.003780573068323499,-0.017386442449400633,0.07042338823518594,-0.02140579712559547,-0.031251364131945535,-0.10544281177179812,0.016343498851251186,0.04648509676956272,-0.02408251777170042,0.0416971647423474,0.00859711452504488,-0.017339737861970548
2014-04,-0.01172868399932279,-0.004933846772921342,0.020384299158072598,-0.025001796626990792,-0.03372303614589355,-0.07788821576950139,-0.049907179176853216,-0.0022153512964980223,0.012872867355536976,0.00447817615661795,0.028901646921440458,-0.0059157900505635895,0.02681784920474896,-0.003535247572941409
2014-05,0.02643146614861382,0.001315035599196128,0.05472033216075787,0.03421074169225897,0.00016088206938299877,-0.13598446131743921,-0.01688167307567968,-0.04680932829806454,0.0421849284725641,0.017004717943312427,0.006884199688201734,0.08214199726392787,-0.03268571289575909,0.048930780475201115
2014-06,-0.11397035121422054,-0.03385944898150929,-0.015664458131479406,-0.04494107160952556,-0.03803586557837005,-0.04243767157649841,-0.050756032992736684,-0.1404717177617775,0.01393261068178575,-0.05416369436897648,-0.0349713823064492,0.06134233334447131,0.01582663873914981,-0.018128795140715234
2014-07,-0.1615252039416599,-0.0034657406024445505,-0.09088929110891046,-0.03845862169862824,-0.06764595334953112,-0.0623277237012378,-0.06619824519036109,-0.03433260099205173,-0.06757789920040522,-0.13840398666966447,-0.0508571751691302,-0.041384934018293455,0.012232085505251964,-0.03884155040508074
2014-08,-0.06001907295663862,0.003814646116983168,-0.024507060700193765,-0.010302138385319978,-0.09548181556410917,-0.005306504380536724,-0.0015906932943205395,-0.022102969669756445,-0.05552716706011927,-0.022187641578412468,-0.02668800652185515,0.01620538030193229,0.0017731282095228677,-0.02081223401846781
2014-09,0.02835429074709592,-0.04909760200761416,-0.07299271246015337,0.023704095604985428,-0.05162678269043826,0.06379833192970184,-0.07892858675202334,0.03674867050513259,0.022034264060153373,-0.032479111169401595,0.02655127797623067,0.03557136128969718,-0.013083540667307287,0.007217410041054451
2014-10,-0.11038479557171854,-0.027617353696119642,-0.08512051551861519,-0.05724601831150762,-0.0727120700891309,-0.10328551354995623,-0.026736907083776067,-0.16951478321794416,-0.027174458845520316,-0.04700516732695232,-0.040018556794401736,-0.10316334987130502,-0.04598536581418034,-0.061964551372385226
2014-11,0.06761326966826295,0.03595774922790204,0.03017229517540282,0.05136164029008632,0.07036610224310087,-0.02847754718761595,0.0897073373787839,0.025699842806006706,0.13138089988133062,0.07794320212712927,0.0637487637189272,0.035174920746257554,0.041742469996667884,0.07324144093891163
2014-12,-0.07332493398673849,-0.019428930158263583,-0.017992608722558943,-0.11589985712646353,-0.021412054453708612,-0.11573458030120853,0.03816351660307232,-0.036616687559512605,-0.053199381997029914,0.014920299544090625,-0.0037739280694771347,-0.09942094679349742,0.035675117622027436,0.001602171775066814
2015-01,-0.010578651028251429,0.05133446313387935,0.05861671518261006,0.07473897101030876,0.15770961268866845,-0.09149608942090669,0.1506085472090572,-0.05206346515527544,0.15025486264755328,0.12603854437896322,0.05040111751150353,-0.08324798363293742,-0.0101088272826621,-0.013236294494265092
2015-02,0.117844434637265,0.04322641617724095,0.07421335026343064,0.0073910125279893135,0.08799294361756252,0.16781274233207408,0.06846617300073772,0.1835922620835888,0.10984242278511584,0.06589209759303703,0.05001094149913966,0.035895328888259324,0.09931995204882739,0.09956612157736279
2015-03,0.033632065593468,0.09316373740157859,0.07298227166855369,0.08613666052458592,-0.004681343003040641,0.03608528851673549,0.00548311184598895,0.1053917528821013,0.02624218358553112,-0.00305292970728197,0.08645531958611746,-0.04744988854325732,0.07728652336773789,0.00840392622532287
2015-04,0.014578248833834469,-0.07648105906044961,-0.0808587813891041,-0.07657299062062418,-0.15566537786492007,-0.06236062462296089,-0.09852203894468839,-0.11960359533321836,-0.07883929111924388,-0.11301698703502012,-0.11447082093338987,-0.029925283012686515,-0.006807039771743215,-0.00508155515851191
2015-05,-0.04570220823969041,-0.061895761269421756,-0.028511946947001623,-0.004228252733087006,-0.03718819229685205,-0.021226532435741272,0.0015741702050489554,-0.01995577624547263,-0.032903189058259105,-0.02286478873426945,-0.02189780316848395,-0.05570690803958215,0.038627840947633184,0.011129008178404284
2015-06,0.010864993438593337,0.04007618963280056,0.011093104638309727,0.03417819599017491,0.05248587508355987,0.04255864560971504,0.08307711908481845,-0.03132692554467574,0.03302351442183866,0.01338428793838466,-0.013807615115076527,-0.06795110767097146,-0.008774137533480518,-0.0022880618782868643
2015-07,0.018892710139971274,-0.006457059785386929,-0.036184919299838914,-0.005278140042803221,-0.1385086725087531,-0.060906277164534776,-0.12626274026211265,0.1334622529585546,0.015138819435726756,-0.11034105977889441,-0.04185119950375534,-0.07878003664262899,-0.013533869537136433,-0.001740251918041248
2015-08,-0.0902027833293629,-0.011459404993572703,-0.04944893513332971,-0.06998183526722355,-0.018945418973565466,-0.16287295344712627,-0.07557906395003024,-0.15583816418378588,-0.022511877652681263,-0.056945551166952914,-0.03584971144064924,-0.2623874539176713,-0.030105777120078028,-0.0620833120200285
2015-09,0.018043095344818856,-0.0647250598597206,-0.09925586139031588,-0.1142902552889337,-0.14493386455477175,-0.1375236488772832,-0.07253997996260812,-0.11741668852921533,-0.009900665747543336,-0.1518446128679136,-0.01762390998548462,-0.30304336161502987,-0.09133939137449594,-0.1377379338951645
2015-10,0.08454689619526776,0.04579018740459176,0.052241922816357596,-0.01779879933093359,0.054911652329986356,-0.030854975862467743,0.03842003795993064,0.01883713430598627,-0.02268300465082529,0.0535798409696674,0.027196711232769816,-0.0331025828250825,0.09615473842962596,0.04666365401366592
2015-11,0.13891893762821272,0.07722529270662022,0.05688012610409659,0.040426741389504466,0.11237067185032382,-0.004270093990811655,0.09929254713105028,-0.04429548833473665,0.03599089319975897,0.07294676025038442,0.0833188925373497,-0.10194891663304886,0.0516994102323822,0.056726926637010185
2015-12,-0.07023080532402559,-0.11575441095157953,-0.14591449293675254,-0.09692642547793173,-0.11755423017256324,-0.12827245309028767,-0.09314564183155183,-0.12393683569655577,-0.10785326079764643,-0.17477443953470753,-0.07259723355666622,-0.008252929783800076,-0.06483198452424248,-0.13395956129110453
2016-01,0.10700006348367909,-0.06461911515914234,-0.06518576473421946,-0.054539139319041266,-0.16945664602027324,-0.22787464782037975,-0.09373712629014358,-0.22290268628392879,0.010723733688109766,-0.14740112237730135,-0.0066743678255724494,0.0317267683985317,-0.007324089744491996,-0.010533840938930405
2016-02,-0.0624763957212522,-0.12897825198768836,-0.09421793655298809,-0.11158735152669928,-0.09033250222589269,-0.217039424435133,-0.08929900111130225,-0.1589458052128454,-0.09284035941989692,-0.026571414130678237,-0.06049781737050433,-0.2558439014252563,-0.0971387762948546,-0.09690886052003911
2016-03,0.02800913672438024,0.002316433310187241,0.07076111070782838,-0.0051136827149888785,0.025197193067801448,-0.0457448995405972,0.03765970237965677,-0.08968413267625469,-0.013592798996623391,-0.01288049017738449,-0.03863494310696022,0.1116934333740443,-0.012679322160720234,0.06626499342218127
2016-04,0.11205927008324221,0.03631236638121215,0.06705928142199068,0.04243492848608829,0.020336391325249403,0.10019648684576518,-0.01839234043708876,0.12094884111712252,-9.229194801325187e-05,0.013701168644417304,-0.06629359143666014,0.15082546000407085,-0.0019954919718261654,0.031259874245566734
2016-05,0.03401411227055508,0.017822833632145277,0.003140814310697104,-0.11315384129439839,-0.07917959993032372,-0.05960425780105979,0.028750722505082225,-0.024146582747954237,0.048191190143144484,-0.011930610420038658,0.04803132609712151,-0.11306173982497199,0.055869710761912536,0.05890228697280492
2016-06,0.2358653166167158,-0.05375390723199622,0.08673533977482294,0.12169237062023502,-0.09045762311091378,-0.19137171728453026,-0.02843336396472054,-0.1424157609523208,0.011977221173796687,-0.05505900005146744,-0.07225713727145504,0.2562695838877861,-0.005748137716866155,0.015754868761538907
2016-07,0.09210807143627302,-0.023405327255116015,0.033630177686328006,0.04159685484788038,0.09674461798813525,-0.01290600839660058,0.05045328526188716,-0.037482054633007626,-0.01713524808543339,0.02268309442198185,-0.029110739779976063,0.07993272331333592,0.11249563283480184,0.028440080622199403
2016-08,0.012535351400717223,0.03711462635106818,0.023192586277880102,-0.03827033951011191,-0.023432130679148355,0.048836282480507635,-0.009008466765345191,0.03224566430208165,-0.041767728218080245,-0.009577906343455473,0.024145397544279898,-0.048114046424598045,0.009880271808154595,0.10235619167005054
2016-09,0.05820507513219185,-0.046949271326780145,0.014795286933582556,-0.08818989941046709,-0.07336089735845246,-0.094882825747744,-0.011366727474410487,-0.04338056693196274,-0.026707969867979263,-0.03060186619326873,0.004551761793587752,0.05211913932850686,-0.003531186689922362,-0.03876025894618303
2016-10,-0.012258526130953813,0.07316687714748782,0.07366542707080671,0.028675703522821255,0.05342742055084907,0.07969043381023411,-0.0008599153060884021,0.0708851939966167,-0.021548635862008485,0.0628220487807496,0.06999090189337392,-0.0827095334459226,0.028408204398599687,0.026655654011042862
2016-11,-0.03333638496447868,0.015899991941456804,0.0059866696070056446,0.024512018741316755,0.0397617948341772,0.06088031727092067,-0.03699218358735069,0.12397995658377718,-0.03199897442103136,-0.00027369672722437304,0.016414390728511998,-0.2246006904502387,-0.048120921263633334,-0.008157647972686755
2016-12,0.08677745351640738,0.06943757466643667,0.08652447965260439,0.06578350552676361,0.14182987871173197,0.10428158420087615,0.13636014888969422,0.09062990859501319,0.10262966908279449,0.1652714470980122,0.0929178551338836,-0.03466009661961286,0.07477562924791109,0.1216829711008916
2017-01,-0.0087639845472874,0.006878521794042506,0.024470697846557674,0.012856429730321922,-0.03499764842920983,0.06422875957426546,-0.018823504805738467,0.03905862172777249,0.004873400048505094,0.0016214543708596063,-0.03225529319855926,-0.01926161348407147,0.009896684609246949,0.014045050536623258
2017-02,0.04804020997560572,-0.028084854132120248,-0.01259874437627489,-0.0105095335543096,-0.036419023469095084,-0.16774561523105214,0.013741086786989699,-0.015301305630252393,-0.01841322783306885,-0.03412282125736227,0.016910126154493183,0.09434053237936504,0.01176128502130512,0.003902233078842306
2017-03,0.059786358239725626,0.06639339997537558,0.06871313371771522,0.03568124427293413,0.011349509707762825,0.17632520362452642,0.07545512806702796,0.06188329526472402,0.03792427944607406,0.02067682760528849,0.020545026537863706,0.08013721739177007,0.05186890667173205,0.05477524531835797
2017-04,0.004072310914704549,-0.026349583813950223,-0.037579027179222374,0.014886309632838317,-0.014056104045917898,-0.005607319721010428,-0.0191194726631933,0.05649862401431392,-0.03240252496661383,-0.043940360940731116,-0.015244211376825096,-0.03773387871339185,-0.010507117780714958,0.03383990966534237
2017-05,-0.0840464937689906,0.014743709903559572,-0.051545947693996105,0.051495402577296095,-0.034761649434702675,-0.006028909693797594,-0.046183939065947185,-0.07142985121632914,0.08267836536612638,-0.03900171741632885,0.013501238163094646,0.19029637631717025,0.04959961181297732,0.003367965050601722
2017-06,-0.019512054856157198,-0.016823383112092083,-0.03956429162104665,-0.054388168079729265,-0.046523928331203876,0.045709784478929365,-0.053132034490947354,-0.061734101515075954,-0.03879016732219296,-0.04321628438203784,-0.01761287693472441,-0.05524531403500952,-0.03726996554438282,-0.057299357901965504
2017-07,0.016625656052178736,0.021745425951088453,-0.006806685025828367,-0.03363737547493828,-0.017581571495734707,0.03594871357683857,-0.0076679205209722046,-0.015400128009973636,-0.04562311414025588,-0.007845076063272794,0.013767161481725063,-0.024077993439386863,-0.022034951539536565,-0.038632894276288715
2017-08,-0.002559917716504387,-0.005261354045798489,0.005108578032717195,0.013599774949837351,-0.01288393169028646,-0.04236388766117807,-0.0196857086612353,-0.10758755381442635,-0.046877603056774735,0.01769954923077433,-0.04493645121674057,0.12900936346019592,-0.0007051059342804615,-0.05338281828538889
2017-09,0.024856719785728405,0.03598786600146147,0.10548024112978487,0.08385912174763513,0.10155739379872109,0.06788997530963471,0.13847333061628642,0.040456595083418326,0.012553473129469084,0.0669142488560967,0.02459852519627031,-0.043462139895520634,0.05891233658485436,0.06797483694599855
2017-10,-0.03460403868431465,0.025607359604415014,0.0313174704833087,-0.021902672073974554,0.0008251646655105604,-0.021831173403962897,0.0008868093038003062,-0.07269813311057594,-0.05879835891467058,0.0134021613522571,0.04022793473313224,0.10958415904662022,0.05456986984009576,-0.010664792802976872
2017-11,-0.09523547811366614,-0.014533834089051794,-0.004691612364112743,-0.048377556153292936,-0.019037984576471625,-0.006871293877486611,0.003982794491343629,0.12260757993546162,-0.040458324955869394,-0.03987691090367839,-0.049898245160393984,-0.1916841065246601,-0.04066109673774229,-0.05718473436723348
2017-12,-0.07414643026995409,-0.050371318528739786,-0.022229836125230964,-0.03236322019635945,0.03344873001155356,-0.006828297854001399,-0.004770431646294695,-0.018020308257267362,-0.051460639098741476,-0.011022189546105097,-0.05054518153468567,-0.1986477720096122,-0.02342961165612746,-0.006431807211458085
2018-01,0.05103024893956925,0.03506678770880396,0.022272574870210157,-0.027985294189574062,0.03026045765020255,0.052476797316540195,0.03523973557686417,-0.09657585401392618,-0.10334087659425811,0.029119791228684102,0.012243711051729717,-0.09548317514228902,0.008085839283201644,-0.006019050148796445
2018-02,-0.03028745538276725,-0.05233182115580614,-0.06520034812415593,-0.05437633985348209,-0.04024429515755401,-0.06291566952731413,-0.05292498876012072,-0.10864207752149245,-0.08764783242051583,0.012819614243575016,-0.04974562491671653,-0.013445929523019415,-0.06513906541899958,-0.101966763983679
2018-03,-0.07124688281751503,-0.056242408101068384,-0.04257110984058904,-0.00045647854277899115,0.04402488546914003,-0.15252061000027653,0.0019060913581177815,-0.15433244135196666,-0.032965929177298854,-0.019375691698178335,0.005730252736814411,0.08028112104486325,0.008953195382478752,-0.03305118486418677
2018-04,0.029254911589640564,0.03918771882158195,0.008015619303237664,-0.005649007543870669,0.014937066130935305,-0.0010703895564942536,-0.024604686278406028,0.003592316636693485,0.003382825280943399,-0.02584514498136721,0.02963497035735335,-0.005340376611853037,0.050549773014246804,0.023257656548743837
2018-05,-0.032303586323378125,-0.07688722343524879,-0.02728185887863785,0.03412283060278249,-0.01808138686896609,-0.18488885759962434,-0.009616160234844538,-0.20173189335390249,-0.06084004086048114,-0.040359306574674035,-0.07467631507028671,-0.006879699899071152,0.04290630587497823,0.004827284572896611
2018-06,-0.056553238115513015,-0.04045937911599947,-0.036248018524510865,-0.05979263145343213,-0.06281296804764126,-0.10709872958367873,-0.08778076612001232,-0.05043054885396201,-0.0251666916959039,-0.06406587047220984,-0.010895449594722826,-0.007958508971872795,0.021086216371603083,0.012580287104292369
2018-07,0.014582696421752875,0.04330184184596406,0.03463068138076376,-0.0023457696886925714,-0.04215749888566118,0.08729529577620772,-0.0029188130890474596,0.14886200431952248,0.0544748066570154,0.002577520697815794,0.050415783790282914,0.13608989541038058,-0.016998173331694563,0.06593633783922202
2018-08,0.043925031693941255,-0.0516395908245523,-0.0632540085117355,-0.07135129441181129,-0.02657616261600749,-0.1263828350453288,-0.21380215881450462,-0.1317149183362123,-0.04043522681130085,-0.07456781404760962,-0.022563089464116674,-0.04658783824764521,0.023481967557119898,-0.04328037454356695
2018-09,-0.008812770216865025,0.05331948687137336,-0.040302530632291306,-0.0596488043910089,-0.04427775766382931,0.09517247549751778,-0.06185826283739513,0.017342747642919737,0.007898167334060171,-0.03772696533062961,0.04285740916376492,-0.008468405846631772,0.032170877547474094,-0.005732489789763724
2018-10,-0.031830332918369474,-0.053896730240241,-0.07362327781223536,-0.12953317432758063,-0.017413542741873463,-0.10720366217087347,0.042243119289078486,-0.12939040846382885,0.004938507412435523,-0.04892457736809219,-0.013764859563860686,-0.1889601922367838,-0.07327569145556873,-0.0678250479576145
2018-11,-0.10989023153465889,-0.052766938451293884,-0.11450661895351294,-0.1024800940718949,-0.0607387126176635,-0.1614688748777987,-0.16631995745369046,-0.103822669364359,0.03433719402462584,-0.10030447353792386,-0.014958484177829998,0.051021694234462865,-0.0706942236873625,-0.010626958164939552
2018-12,-0.03462165037430554,-0.06457256303354193,-0.03199000055485826,-0.09383433439260228,-0.03061232950732761,-0.24352817758344453,-0.05967127970241494,-0.15944106965087693,-0.03832363609524103,-0.11031234803268569,0.004787630274597389,0.021886622830779794,-0.02793504627279958,-0.02850237967742516
2019-01,0.1897281482061582,0.0376278278574995,0.014353417384206278,0.08129229077949403,0.04705961076404021,0.03875074344902861,0.15550223215548076,0.10803346789053378,-0.021886232370056866,0.10196838399281656,0.030403946657991395,0.14831978575939558,0.06965009628596061,0.019126252467419162
2019-02,0.037433166365255344,0.037660111832965706,-0.0019610312726499215,0.023108584078731228,0.018907749305078814,0.055605052432143386,0.030149610607118363,0.06435816224825425,-0.012951024011429519,0.033422776313753066,0.05429902148620981,0.002286278478104343,0.058586467601417495,0.0009168185203317439
2019-03,0.06304351593753335,0.014306400164204465,-0.05663832604865466,-0.03215857307206805,-0.07266339731556287,-0.10589631885307779,-0.05607028039332172,-0.11826237337872929,0.056354619564379586,-0.02291893609775838,0.01425549490165702,0.130289499857267,0.07526452978453531,-0.024276882212643028
2019-04,0.03931669025716134,0.06264997995178924,0.05967955392717122,0.0382352655659151,0.1268936774372314,0.0675899535976757,0.11251640246011997,0.025955879651874104,0.013299372014224278,0.15701187227494726,0.025542935036097416,-0.05752214140471682,0.1144536087457389,0.11254903472997395
2019-05,0.12305700940169616,-0.006197764490846144,-0.13745455661503228,-0.055845510067162,-0.10224371350059708,-0.14931937954463803,-0.10421211198324984,-0.12588064808917865,0.05739300326418759,-0.1442264921997131,0.07613953565371491,0.04048963284225118,0.0033522391579493224,-0.08316010862726007
2019-06,0.04140063485662864,0.0966174861242195,0.06196566307401725,0.12978644673745796,0.06212073677110906,0.016345193985969536,0.10783840917725981,0.11501712039148752,0.01170462314053766,0.10188624849135584,0.05760821546123504,-0.018983054953392482,0.08667065638223614,0.0431112563214922
2019-07,0.04218216735824419,-0.022532426914724363,0.016131176496533298,-0.08147742962788933,0.015415971166042111,-0.04148647508549609,0.012757528610421188,0.03039603235430507,-0.0450784952795916,0.033047210351265614,-0.036668414253521596,0.1197255394356575,-0.04694291472544603,-0.06727315326978127
2019-08,-0.018333330355758893,-0.05040766101609164,-0.011500691514534284,0.09795533992508809,-0.07781183591820363,-0.15723850168273729,-0.05696519123527564,-0.08836087082293091,0.03528717450734458,-0.09470267124140244,0.008595159663967383,0.025403029404507355,-0.03293222998621583,-0.04772327661995067
2019-09,0.024610200541227468,0.03944001282225667,0.05363192156648383,-0.05077835409455105,0.05888278744536205,-0.004916226508340331,0.047195654814025816,0.02332614050390274,0.010720952515729795,0.023701643302387443,0.06988546534274251,0.0657162761630551,-0.002836302106311433,0.03974654338453948
2019-10,-0.05014890495393446,-0.0043418053637360845,0.06616672938610796,0.062528708585888,0.05933918835270209,0.002794312142061771,0.026021790268401384,-0.044517236315446275,0.01994038409897208,0.12499180961590015,0.02259781528302613,-0.06752672429277291,0.030531840826750926,0.04850743890683086
2019-11,-0.033449472973963355,-0.0074161610953957366,-0.002959344435208606,-0.02975626974374944,0.03876163873623177,-0.06027138165042911,-0.031824432765413184,-0.01846654733352678,-0.02741117393664157,0.026246942263650125,0.022865242968443594,-0.04029772839616882,0.05699158552174978,0.14928084585905044
2019-12,-0.021001936008955228,-0.015490622541291393,-0.033672915997018424,0.029253643173408693,-0.012994248700109725,0.0014124762300689229,-0.04754742236464993,0.028728244768743916,-0.06978066297043047,-0.041809575957832,-0.025966094717258286,-0.008020978038275412,-0.05042644627355688,0.004816459026676138
2020-01,0.004728432095720957,-0.017866004221832012,-0.05294370263413263,-0.040164009966614594,-0.1054180167783191,-0.0528975746453481,-0.07192293991051449,0.1860695296471482,0.015848852370728646,-0.129472135319206,0.01166636949603646,0.11637776481910714,0.00845841189296034,-0.01901063631157683
2020-02,-0.007352983576470738,-0.03809356911854735,-0.05424002612047054,0.007860696447228616,-0.02360400025204713,0.10777815253842582,0.07249061754999382,0.1036449891100226,0.004220507247410617,-0.042102563510276046,-0.02533507624981678,0.07288267967660231,0.04034842753868629,-0.03635979134380619
2020-03,-0.033380949165582964,-0.22882065499974494,-0.14294189170840457,-0.17211871781083835,-0.13687553822040005,-0.43996216238424557,-0.25510536144766416,-0.21172829733702933,-0.20493315434972365,-0.25186077631649184,-0.18233566989904662,-0.19063109953643254,0.04140254543060687,-0.10439811567271454
2020-04,0.0014868607247569036,-0.07849465122435424,-0.08877675582548655,-0.030616077559761118,-0.06055801321278359,-0.179211933389084,-0.04760776382204481,-0.008263379624283,0.028903031998129367,-0.11657006951763393,-0.016819284784034185,-0.04067360352014424,-0.07484751177193559,-0.04524366579487986
2020-05,0.09347609004662188,-0.02401240433754649,0.00037163643656942515,-0.03205269386451215,0.03123039080915252,-0.0010849256070202863,0.16906883104126103,0.09068100934088733,0.009400214665862454,0.05143934569899253,0.055675624769928635,0.06341766859779346,0.043867961737466564,0.11485746935139218
2020-06,-0.04491143444728452,0.1355082143962353,0.025143687413622537,0.02362989552633003,0.05736198515970302,0.09210968509708543,0.02664238397852552,0.13306859910772265,0.058578557869306776,0.05869480909697717,0.13208034724841525,0.04584166099722973,0.07621227412555912,0.09381706512864138
2020-07,0.00042314582143280154,-0.028985138680771447,-0.05220646959554719,-0.1471198023574544,-0.09582244614339439,0.01351260072891012,-0.05659790888270662,-0.1407312605139628,-0.06559500287012093,-0.05465145316191352,-0.019586453637931447,0.033734809215813594,-0.03489074503579023,0.07352436109762135
2020-08,0.03820928279973197,0.006509829139714396,0.045589291042844066,-0.04721446396058535,0.07573039920199647,0.07435905813725219,0.07905239274060041,0.017895222169435367,-0.034859714518931675,0.10240594615798117,0.06073594848282832,0.043076738254650054,0.008568139061768476,0.037460831430211707
2020-09,0.03277606024950239,-0.1277666679009332,-0.015662026208456924,-0.07947430706744199,0.011932033508996109,-0.18644405123121097,0.00937205962279345,-0.12761967153345632,-0.07413129035519089,0.08281369189916235,-0.10527190200062904,-0.07985049132588723,-0.06192499933587852,-0.03121530276718384
2020-10,-0.034634353755807604,-0.05129975494245382,-0.0376115485038441,-0.13923623027761103,-0.015448528700106032,0.012661229468771974,0.010980090287176074,0.0671794901458359,-0.07084568315296771,-0.05243247155791313,-0.038713517938135836,0.010977542199414166,-0.1674901418425154,-0.00316885084144434
2020-11,0.06490653722977262,0.2831702909373829,0.28961846526337903,0.17367337546310885,0.2640218503850666,0.33352403762686633,0.2518323079276301,0.16769390591416983,0.0746700478831937,0.26494760432253467,0.1895837935115921,0.041688081698663365,0.0013542408786950913,0.13937660185497075
2020-12,0.0790485455207488,0.01978408033209106,0.009039877635944157,-0.05068123869799958,-0.026497119618320634,0.01888174569779016,0.04231855946398208,-0.04358424573950046,-0.060989560379302636,0.005826298829238693,0.013388838869276661,-0.026198579640912597,-0.009526608368481572,0.02010303943116502
2021-01,-0.12338141233985972,-0.05998144356628999,-0.015830078315339568,-0.007407500630809473,0.020788539043193426,0.007751881389768504,-0.04129119405328036,-0.06666420239286378,-0.040623614330996406,0.02803160852709563,-0.08552142850283229,0.010166303086754237,-0.06277489124408274,0.058512012729983645
2021-02,0.0577507603860351,0.012965048187939171,0.05142598252915151,-0.06773524309493258,-0.015441036922877573,-0.06171415331033405,0.018848977625220188,0.11471304171375236,-0.01814004145812149,0.05623700183432046,0.04828063651340942,-0.13728952722629,-0.021614432262529383,-0.012879619297058078
2021-03,-0.07687462764424205,0.10516831429658212,0.05754663345434386,0.04382928029510055,0.20029109768940967,-0.038957381802038026,-0.002437092547280615,0.008458054908937392,0.09640803600614403,0.18777128911414465,0.0957037537831217,-0.008332793920227661,0.05041011750541805,0.128596139867135
2021-04,-0.0699839858230275,-0.04332735050624288,-0.07342759379125309,-0.011225602842421809,-0.11554845911737743,0.005749634517323351,-0.07433825039761455,0.04389881770188584,-0.05209059394981776,-0.11793833242816906,-0.09270318917753681,-0.07610709865053056,0.0448243081225832,0.00028769149603078147
2021-05,0.018115248381400485,0.011165557706012918,-0.03183208802426181,-0.021156705869910742,0.021957255842563594,0.1696899920020671,0.03981179017431024,0.011408817914786226,-0.0006298729935046958,0.025720867271964425,-0.04816740534925056,-0.05203903344491771,-0.0037669992461678236,-0.09204365930272362
2021-06,-0.010520912151449121,-0.038257113783946764,-0.017165738444639683,0.003341575828630009,0.02062181774192471,-0.11563348231481221,0.01184819078453059,-0.1227238171008218,0.025926441671827234,-0.02078296696645799,-0.03781519627882537,-0.04816389035998353,0.03868108023160953,-0.020821581845077094
2021-07,-0.034814762894456924,-0.01412405776341184,-0.03064862625809207,-0.00523038894053004,-0.08479132361698828,-0.11684458266083533,-0.1096587279463565,-0.07961312196365167,-0.0249080132936788,-0.009700994032424193,-0.02208464010461632,-0.06626517533434939,0.07326902607048463,-0.003943942856998661
2021-08,-0.02941061091206076,-0.03675881628089388,-0.018502309545577505,-0.06206725012605824,-0.0067101058490230455,-0.013818611854965242,0.045348568829058605,0.045531488890668645,0.020259190155860834,-0.03030453054275436,0.09072094876045977,0.09381387933420202,0.08675849944150014,0.0635665331598998
2021-09,-0.10135410550770359,-0.06608621370411362,-0.05229632776222232,-0.028217074178268745,-0.02701674652418682,0.00264017080695403,-0.10035338297287372,-0.002519942318880661,-0.08208443656307245,0.0365491709456608,-0.07259220820796287,-0.09833318835369285,-0.09375666191496977,-0.029670272573973765
2021-10,0.06799272901080054,0.04174470737353684,-0.01651837557604136,0.029847564161244053,0.08687234448833407,0.08923499262913612,0.10960864689070711,-0.002626406645856155,-0.0029677027229563484,0.16937169558644152,0.11943588271129572,0.0950832304246957,0.07237504490889737,0.04991312699855848
2021-11,-0.018395207423164497,-0.04711991236545206,-0.0725308881644596,-0.11275791583512593,0.009239990081356963,-0.009273251842375095,0.04942012483728101,0.031038241710705333,-0.055224725367623656,0.016293456138891046,-0.03660018431362189,0.05154184540629494,-0.048444153060985415,0.051569779860097247
2021-12,-0.05711313938812338,0.027661505898484477,0.007571686370933765,0.005730574098218821,-0.000920331379958382,0.04669641960505977,-0.04081170901929932,0.0021045155105464943,0.03242886752493033,-0.06952401685959679,0.05257157227947862,0.0061063713528771634,0.049342172297467374,0.02569392540136885
2022-01,-0.0371026103130132,0.10133122689563313,0.09667330244777923,0.1313863737685043,0.035800499786394546,0.08909627301138123,-0.07239465443540635,0.07738787882279402,0.016795163611663947,0.02871537527401544,0.10393821758867611,0.04849304340700995,-0.0505637211756262,-0.057204959085503077
2022-02,-0.015190330431114098,-0.020505985675917316,0.0034111259610535593,0.032680426152766055,0.02668768439501011,0.08489609344003808,-0.05841648481704194,0.05547552920497144,0.012730363581736705,0.08098299804081548,-0.053565551028393506,0.18686943250720583,0.004093060347795358,-0.024645252551498572
2022-03,-0.07206113570196947,0.04974232801802809,-0.14926319055489398,0.1314564906699269,-0.12620420851821057,-0.1380298393482663,-0.14849350444363657,-0.030198336505016878,0.01677218409469573,-0.11930694462036504,-0.05750353778642437,-0.11811756830319896,0.04001302810908195,0.011713962619688358
2022-04,-0.013965803534662246,-0.022155857388872952,-0.07919806239549618,0.007173304863871584,-0.01615033367608802,-0.11748190441556584,-0.017431823901654608,-0.09848394286440908,0.07604261326947506,-0.008678115306381807,-0.01498331695928153,0.02446308741512403,0.020471784595211585,-0.05694698580340706
2022-05,-0.022776173724491002,-0.08701408296010452,-0.006393677582377678,0.11640393272366888,-0.024457302198098656,0.07799889311264943,0.015052545332840585,-0.04306096695832193,0.05757518141350361,-0.0292791409908715,-0.07411340787928329,0.007095741484002264,-0.0247674956497374,-0.010478648403816642
2022-06,-0.055957137241511176,-0.07553375596068926,-0.1895561762503154,-0.12172173152994475,-0.08728794512086753,-0.19618877905951274,-0.06330321684418207,-0.20420179687667078,-0.01244369997458236,-0.14291294488443818,-0.019286982073967913,-0.12460505862910917,-0.029794865910929304,-0.19720466522201108
2022-07,0.11424110153065004,-0.04619262050766976,0.006933014235793516,-0.009021474226386451,0.06627536112869264,0.015235749620686094,-0.007695257581354744,0.015316413755132947,-0.039880637738115635,-0.027644678698106318,-0.041947766092757056,0.12290572753777432,0.10044880443468884,0.13185563542725828
2022-08,-0.11394812360103004,-0.05173126131063875,-0.028355549065562854,-0.0741573903076964,-0.0791290373322182,-0.06526626151740178,-0.10965372686234712,-0.06240803168013114,-0.012101004545758956,-0.0278716301427773,0.05098074028106735,-0.0534214800577104,-0.024135686190056543,-0.04300625831040346
2022-09,-0.05325535491007734,0.03216577216923607,0.008758740739316876,-0.060778220310727236,0.0018212757161778011,0.16832261921452082,-0.14010233547422207,-0.008714858364087938,-0.07264149007834696,-0.002882210016233126,0.09538120819920327,0.06658259685198932,0.024584408379159598,0.1070033533526682
2022-10,-0.033691728847623205,0.13469749630370625,0.1315807123812532,0.1032697738190895,0.12050419222979591,0.06629044181833664,0.17885121722650021,0.2331906074832445,0.10563122386586418,0.07622655425086915,0.12871874597212046,0.03375304752429181,0.18433885195461674,0.08135871564326733
2022-11,0.25874330354503844,0.07805730741062407,0.05087602226249487,0.02985000945665468,0.059165033772428544,-0.03247463698548659,0.08037295062286798,0.013272202505799028,-0.007265932681394642,0.0723101038191043,0.10642791498153498,0.05565190271651729,0.12044084472781343,0.11423924466124369
2022-12,0.06760959439766347,-0.013341558933660251,-0.051682438199582736,-0.1115327436011959,-0.014506143894951076,0.07943175101014315,-2.5859105037115803e-05,0.03176562924448403,-0.025649672379495916,-0.051653694235498204,0.01089075972289968,0.005061970457015372,-0.061135984008857315,0.007049097605986083
2023-01,0.10764380189943604,0.0615304652482436,0.1111480625752304,0.13589186642965562,0.11774082447939929,0.11691410349741672,0.1310741106805208,0.12310669411449528,0.08067090960167848,0.042780277644849235,0.0567967000557866,-0.028865866010576013,0.12561940176646483,0.06732269405348372
2023-02,0.03380838532529309,-0.004317149133023266,-0.05853554374231289,-0.019394748392476256,0.02458030740118309,0.029346953487027712,0.03584088419285139,-0.0604832776100078,0.02344299603702656,0.026637702101671164,0.01298035954833698,-0.03412171823064461,0.010158477870780684,-0.01691762696596767
2023-03,0.11578622783394882,-0.08179660646368009,-0.0497385732366453,0.010516928511110043,0.003775570630124646,-0.16519174133599088,-0.05844491722751846,-0.20092458659603937,0.032218913023584525,-0.0493304517873058,-0.04435917216234873,-0.07221016314580489,0.05795661048941311,-0.017725044344927363
2023-04,-0.023250558857822214,0.05689729876165205,0.01568481344856821,0.005922681456786488,-0.030032349971746614,0.020138568227125318,-0.07782380113251525,0.0075224217561273305,0.0018141415803185912,-0.07050873038562978,0.04237635777182194,0.040964426887742794,0.08857975690664642,-0.015703010200790013
2023-05,-0.10178270474299529,-0.09177181988091687,-0.06072611586745823,-0.06389360545501693,0.05192144128889897,-0.06083886568653092,-0.05573100410640655,-0.061296268700199996,-0.06184292184738604,0.010816181411221643,-0.016576543088695214,-0.0866204685124101,-0.013411819871262921,0.02711026964095813
2023-06,0.1580867203419052,0.03251328320743013,0.012143873299302891,-0.050364777618809746,0.07892290713360997,0.04516385973495593,0.09138026109369914,-0.001344391332037168,-0.07689353189250024,0.021233680157704368,0.005432193536904506,-0.007039190999145599,0.036619062798687124,-0.00958328649016809
2023-07,-0.005664245204348476,0.02038160036276962,0.130599051603709,0.0700173631132325,-0.015697589000686643,0.03197979635815786,0.0565681824741391,0.07743982659066943,0.004219523615282974,0.005554832842418738,-0.00921414364586015,-0.05359261424158431,0.05802133773130255,0.03742528488205133
2023-08,-0.045373382706989485,0.004410520877694267,-0.038411558455595865,-0.04151751047266743,-0.10041514455680584,-0.05127208929941653,-0.04011819142113648,-0.011268246676029525,-0.0343669053016355,-0.06438263110320332,0.021620637156851714,-0.06225736576874237,0.024001933628625308,-0.048209118665427986
2023-09,-0.12426915593666586,0.00971394172683943,-0.06172395090255793,-0.07195863653751548,0.011004391025637255,0.05176724317031256,-0.0323649956573442,0.03360911663667841,0.006401930050121784,-0.02955483134545996,0.024971609149313085,-0.07119858544485787,-0.008653664831453719,0.0007529908742645356
2023-10,0.0029039324549340498,-0.01869848803044027,0.009927656308662918,-0.06423533689122447,-0.04972854366116595,-0.05684367133721685,-0.03033201967769789,-0.024104522629780464,0.03478851069342532,-0.0886199328285897,0.02116295385449613,-0.0038601242363656184,0.02221853188716796,-0.04364584692023809
2023-11,0.10460963612650924,0.039833470834091306,-0.003125418646636453,-0.1566338762331976,0.015422796515430715,0.05078153065960071,0.07317527709413994,0.11968731824371445,0.0437365149649285,0.028900240346710827,0.019196450744299848,0.06346847852508147,0.18495863638269683,0.11495466794811758
2023-12,-0.02266199938959014,0.03593890962397168,0.10207234752737288,0.06317097824457418,0.03727697431353188,-0.0763706460487986,0.0749689445725447,0.09044127293499224,-0.04003926155957057,0.05048028645628709,-0.06707632733250551,0.007015237415814506,-0.04298078592694387,0.09123078649868681
2024-01,-0.03803919021524368,-0.006670410840749964,-0.08042931815872112,-0.10858928021320823,-0.04557638134518838,-0.012607395144363128,-0.045225759972742675,-0.005804604738768982,0.04488366947848801,-0.001347469362777558,0.014285027832521271,-0.16686620898994325,0.12243975257339887,-0.014623240108976185
2024-02,0.11933735905885057,0.0033415067072526633,0.004558051839422546,0.0017574653772015878,0.05373733887770535,-0.06378927851206904,-0.03254453710647849,-0.0202295580526829,-0.04185646347729647,0.045238292038021745,0.048443211763603694,-0.08524036465454703,0.03277205885748655,0.12557378012244533
2024-03,0.12435650076694939,0.08208878771959904,0.10194934398730991,0.03425245002156633,-0.01724489044190756,0.17147824496345992,-0.07561945971838882,0.15819907855104454,0.0051651392206322625,-0.010264740313998025,0.037696350188641266,-0.04575145921877467,0.01950420872918357,-0.022480595837415678
2024-04,0.03537772086188773,-0.05042732134314078,-0.0490926434416987,-0.05384169426714272,-0.03770553607683665,0.0553624211726076,-0.026534622303702314,0.0737193396779661,-0.030728127203416663,-0.053749994586573556,-0.08200030679908954,0.016452685376372952,-0.0758898681350101,-0.020895016821967614
2024-05,0.0188179483987922,0.01706970844982573,-0.005144337293442412,0.0025292894852511037,-0.013393278533993393,0.06439221591617961,0.03248467360338562,0.010312497885153203,0.02977195701430238,-0.02027923996937863,0.046309690713514054,0.07819598801083645,0.024489720223889868,0.03793302534379229
2024-06,-0.07039968105702801,-0.06693362291709058,-0.093710784829759,-0.08074756524316806,-0.0647752279560474,-0.1361785876002662,-0.15091246875147069,-0.047125997696726464,0.027375896850299803,-0.04935244484995179,-0.03261554917634196,-0.08427700386472645,0.04491368623709202,-0.06110240462432672
2024-07,0.018371451412358672,-0.0018430561387575803,-0.019474166685249168,0.016297497759269815,-0.010375461921556951,0.012923894490515663,-0.009507220476454187,-0.034714099886495,0.015576310446784184,0.006606760529181099,-0.012323788948066593,0.06820531114192435,-0.020072791962649213,-0.030232015903821706
2024-08,0.0384909227953655,0.061468166797730976,0.06368150121194559,-0.018569772216676363,0.012910047593389519,-0.060616381158718424,0.031631953081104766,0.009257449472579374,0.025230647204169704,0.02224036638707998,0.06019699614765265,-0.031309845885748186,0.05753218892338447,0.05156276323121919
2024-09,0.02800800567906876,0.02546482914387258,0.03176017679390321,-0.0023464749009423475,-0.06950547850063675,0.13476330127234687,-0.062492701841879314,0.011543610186399931,0.043960484638415814,-0.02481631723598319,-0.014812888423408842,-0.05182795312219833,0.037151437960372034,0.030171569881150783
2024-10,-0.03161690754839358,-0.0035112684795270514,-0.008666941441709621,-0.17796209549262226,-0.05065840605426925,-0.041303813133592805,0.008262921238506521,0.05456359601048379,0.02316948115252859,0.027015002327227894,-0.008401213101141518,-0.08986471993101808,0.005456412026091561,0.054968064832773736
2024-11,-0.002332700074082247,-0.034331753061330274,-0.0728105097920526,-0.18047206512625852,0.02042951409265012,-0.044287241731654006,0.05983486003044466,-0.00696555799198089,0.016810776723219605,-0.001590068920295081,0.02242109438180034,0.005672049094389051,0.024961183677005713,-0.046522083287640285
2024-12,0.07689398673953454,0.01499588371176464,0.016207283045198105,0.04355068171556153,0.12652035814097182,0.0012378657235885089,0.08451025048039044,0.05703262358897356,-0.015287998861365573,0.05169087691426662,-0.004562991793486039,-0.07138230675476509,0.08600649435822053,0.06619917132633987
2025-01,0.03344402733209266,0.05681975960708649,0.0514508805079619,0.10380751183486575,-0.055290091732758305,0.16660397511622746,0.017186414947084134,0.15572349979060876,0.1209544337146056,0.053211328162309404,0.045320034913234435,0.03667083490145555,0.11683738917910458,0.06776943117677689
2025-02,-0.015482647799381818,0.0660418547280691,0.09334357336130208,0.05432868384836257,0.15510361011816368,0.04894872219185373,0.047526942652477665,0.08394510257908679,0.09905469035774585,0.1164995387440351,0.009356262662575856,-0.03273884066045353,0.030583465731630826,0.007913675300127123
2025-03,-0.03908154186987977,0.033234152472039966,-0.03952653420062683,0.03525185990747816,-0.06420870234288975,-0.009575571795967014,-0.02272305385897984,0.051804168883711234,9.769795472422022e-05,-0.07406544145141636,0.05633533429355333,0.05798007135394723,-0.06624222296574227,-0.05377962654313798
2025-04,0.0233089157842477,0.009393733063525386,0.007809124127274193,0.006052464785239645,0.004032196454444055,0.045261717739727925,0.008277144898976593,0.007029509841659782,0.0075934085510490365,-0.010782166290681041,0.006170681239777344,0.00908824801612042,0.00526850274268617,-0.000933110339799377
